cell_id,prob_persister,pred_label
AAACCTGAGTTAACGA-1,0.6860129,Non-Persister
AAACCTGGTCTCTCGT-1,0.81645477,Persister
AAACGGGAGCACAGGT-1,0.7383113,Non-Persister
AAACGGGCATTAGCCA-1,0.052174803,Non-Persister
AAACGGGGTTGGAGGT-1,0.13808425,Non-Persister
AAAGATGAGAGAGCTC-1,0.093568414,Non-Persister
AAAGATGGTTGATTCG-1,0.81124115,Persister
AAAGCAAAGATGTAAC-1,0.045875844,Non-Persister
AAAGCAAGTAATTGGA-1,0.0797154,Non-Persister
AAAGTAGCAACGCACC-1,0.034360897,Non-Persister
AAAGTAGCAATGGAGC-1,0.3632239,Non-Persister
AAAGTAGCACACCGCA-1,0.3234936,Non-Persister
AAAGTAGCACTTAAGC-1,0.07834445,Non-Persister
AAAGTAGGTAGCGCAA-1,0.069524206,Non-Persister
AAATGCCGTTCTGGTA-1,0.28219405,Non-Persister
AAATGCCTCCTTAATC-1,0.6246821,Non-Persister
AACACGTAGAGTAAGG-1,0.077133685,Non-Persister
AACACGTAGATGTGTA-1,0.17529537,Non-Persister
AACACGTAGTGACATA-1,0.77563757,Non-Persister
AACACGTCAATCACAC-1,0.6206025,Non-Persister
AACACGTCACGCATCG-1,0.5266513,Non-Persister
AACCATGCAATAGCAA-1,0.37480354,Non-Persister
AACCATGCAGTAACGG-1,0.6378697,Non-Persister
AACCATGGTCAACTGT-1,0.5832423,Non-Persister
AACCATGGTGATGTGG-1,0.9385134,Persister
AACCATGGTTGGGACA-1,0.71232814,Non-Persister
AACCGCGGTATATGGA-1,0.101219185,Non-Persister
AACCGCGGTCATCCCT-1,0.5107076,Non-Persister
AACCGCGGTCTAAACC-1,0.77078193,Non-Persister
AACCGCGTCCGGGTGT-1,0.40618032,Non-Persister
AACCGCGTCCGTCATC-1,0.68978107,Non-Persister
AACGTTGCAACCGCCA-1,0.31968054,Non-Persister
AACGTTGCAATGAATG-1,0.56538147,Non-Persister
AACGTTGCACCATCCT-1,0.17370948,Non-Persister
AACGTTGTCATCGCTC-1,0.75539523,Non-Persister
AACGTTGTCCGCATAA-1,0.13253288,Non-Persister
AACGTTGTCTAACCGA-1,0.57351327,Non-Persister
AACTCAGAGCGCTTAT-1,0.6572339,Non-Persister
AACTCAGCAAGAGTCG-1,0.4034733,Non-Persister
AACTCAGCAATAGCAA-1,0.69681275,Non-Persister
AACTCAGCATGACGGA-1,0.89388275,Persister
AACTCAGGTGTGACCC-1,0.7953846,Persister
AACTCAGGTTTGTGTG-1,0.36663234,Non-Persister
AACTCCCAGGTGTGGT-1,0.8574834,Persister
AACTCCCTCTACGAGT-1,0.8144542,Persister
AACTCTTCAAGCCGCT-1,0.4036604,Non-Persister
AACTCTTGTCCGAACC-1,0.25775036,Non-Persister
AACTCTTTCTCAAACG-1,0.9917235,Persister
AACTGGTAGGCTATCT-1,0.5021601,Non-Persister
AACTGGTAGTCTCCTC-1,0.7464958,Non-Persister
AACTGGTGTACTCGCG-1,0.118213706,Non-Persister
AACTGGTGTCGTTGTA-1,0.04132667,Non-Persister
AACTGGTGTTAAGTAG-1,0.10587204,Non-Persister
AAGACCTAGACACTAA-1,0.7609775,Non-Persister
AAGACCTCAGGGTACA-1,0.8390603,Persister
AAGACCTGTAAACCTC-1,0.9876243,Persister
AAGACCTTCAACGAAA-1,0.9625432,Persister
AAGACCTTCTTGCCGT-1,0.074312136,Non-Persister
AAGCCGCAGCGATTCT-1,0.36508948,Non-Persister
AAGCCGCCAGCTTAAC-1,0.114663206,Non-Persister
AAGGAGCCACTAGTAC-1,0.4045154,Non-Persister
AAGGCAGCAAACAACA-1,0.78630126,Non-Persister
AAGGCAGCAGGAACGT-1,0.115022406,Non-Persister
AAGGCAGGTCCGTTAA-1,0.9246806,Persister
AAGGTTCCAACGATCT-1,0.36353683,Non-Persister
AAGGTTCGTGCCTGGT-1,0.39987668,Non-Persister
AAGTCTGTCCACTCCA-1,0.066580474,Non-Persister
AAGTCTGTCCGTCATC-1,0.22830589,Non-Persister
AATCCAGGTCCTAGCG-1,0.6191606,Non-Persister
AATCCAGGTTGTACAC-1,0.6496254,Non-Persister
AATCGGTAGAGCTATA-1,0.056944355,Non-Persister
AATCGGTAGCCAGAAC-1,0.7185998,Non-Persister
AATCGGTAGTCCAGGA-1,0.06090323,Non-Persister
AATCGGTGTCAGCTAT-1,0.39479056,Non-Persister
AATCGGTTCGCGCCAA-1,0.18363695,Non-Persister
ACACCAAAGTGAACGC-1,0.5008162,Non-Persister
ACACCAACAGTAGAGC-1,0.5759701,Non-Persister
ACACCAATCACTTCAT-1,0.8038139,Persister
ACACCAATCTCCCTGA-1,0.86559486,Persister
ACACCCTCAAGGCTCC-1,0.15340135,Non-Persister
ACACCCTCAATTCCTT-1,0.9476276,Persister
ACACCCTCAGCCTTGG-1,0.9623413,Persister
ACACCCTTCGGATGGA-1,0.08784975,Non-Persister
ACACCGGGTATATCCG-1,0.99122155,Persister
ACACTGAGTAAATACG-1,0.7463823,Non-Persister
ACACTGAGTCGGCTCA-1,0.5488727,Non-Persister
ACACTGAGTCTCCACT-1,0.84080964,Persister
ACACTGATCATGGTCA-1,0.88338,Persister
ACACTGATCCAGAAGG-1,0.44181746,Non-Persister
ACAGCCGAGCCATCGC-1,0.74150085,Non-Persister
ACAGCCGGTCAAACTC-1,0.77859294,Non-Persister
ACAGCCGTCACATAGC-1,0.30857486,Non-Persister
ACAGCCGTCACCACCT-1,0.29970077,Non-Persister
ACAGCCGTCATGTCTT-1,0.8235121,Persister
ACAGCCGTCCAAACTG-1,0.12141108,Non-Persister
ACAGCTACACAACGTT-1,0.06309188,Non-Persister
ACAGCTAGTAAGCACG-1,0.70425725,Non-Persister
ACAGCTAGTCTCTCGT-1,0.8783483,Persister
ACAGCTAGTTTCGCTC-1,0.65347624,Non-Persister
ACATACGCAGAGCCAA-1,0.41326678,Non-Persister
ACATACGCAGGTCGTC-1,0.006209226,Non-Persister
ACATACGCATGGTTGT-1,0.68299323,Non-Persister
ACATACGGTAACGTTC-1,0.5130813,Non-Persister
ACATACGGTACCATCA-1,0.017390473,Non-Persister
ACATACGTCACATGCA-1,0.24515644,Non-Persister
ACATCAGAGTGCGATG-1,0.43114522,Non-Persister
ACATCAGCAGCTCGCA-1,0.4263309,Non-Persister
ACATGGTAGGACGAAA-1,0.35102567,Non-Persister
ACATGGTAGGCAGTCA-1,0.3028258,Non-Persister
ACATGGTCACGGCCAT-1,0.5357733,Non-Persister
ACATGGTTCAACTCTT-1,0.3657664,Non-Persister
ACATGGTTCCCTAACC-1,0.12465045,Non-Persister
ACCAGTAAGGTTCCTA-1,0.5610055,Non-Persister
ACCAGTAGTATATGAG-1,0.64233416,Non-Persister
ACCAGTATCTCAAGTG-1,0.30237067,Non-Persister
ACCCACTAGCGTTTAC-1,0.80138284,Persister
ACCCACTAGGATGTAT-1,0.33616605,Non-Persister
ACCCACTGTGTGACCC-1,0.27272838,Non-Persister
ACCCACTTCGCGATCG-1,0.9990809,Persister
ACCGTAACAATCACAC-1,0.042370655,Non-Persister
ACCGTAACACCTATCC-1,0.89492863,Persister
ACCGTAACACGGTAAG-1,0.42169973,Non-Persister
ACCGTAACATTACCTT-1,0.2393702,Non-Persister
ACCGTAATCCAAGCCG-1,0.15468983,Non-Persister
ACCTTTAAGGAATGGA-1,0.6854183,Non-Persister
ACCTTTACACGAAATA-1,0.0961014,Non-Persister
ACCTTTACATCGGAAG-1,0.6163987,Non-Persister
ACCTTTATCGCACTCT-1,0.89351904,Persister
ACGAGCCAGATAGGAG-1,0.046973858,Non-Persister
ACGAGCCAGCATCATC-1,0.31362334,Non-Persister
ACGAGCCAGTAGGCCA-1,0.008385444,Non-Persister
ACGAGCCGTACTTAGC-1,0.3225184,Non-Persister
ACGAGCCGTAGAAGGA-1,0.42767075,Non-Persister
ACGAGCCGTGGAAAGA-1,0.095538296,Non-Persister
ACGAGGATCGAGAACG-1,0.716793,Non-Persister
ACGATACCATTGGTAC-1,0.99834657,Persister
ACGATACTCGGCGCTA-1,0.1301941,Non-Persister
ACGATACTCTCATTCA-1,0.13882768,Non-Persister
ACGATGTCACAAGTAA-1,0.33200994,Non-Persister
ACGCAGCCACAGGTTT-1,0.44117874,Non-Persister
ACGCAGCGTTCGGCAC-1,0.8165299,Persister
ACGCCAGAGATGCGAC-1,0.40461656,Non-Persister
ACGCCAGAGCTGATAA-1,0.0854023,Non-Persister
ACGCCAGCACCTCGGA-1,0.19558848,Non-Persister
ACGCCAGGTCTCAACA-1,0.9373109,Persister
ACGCCGAGTCGGCATC-1,0.78472936,Non-Persister
ACGCCGATCAAACCAC-1,0.92041594,Persister
ACGCCGATCTAACTTC-1,0.49692813,Non-Persister
ACGGAGAAGGAGTTGC-1,0.8303321,Persister
ACGGAGAAGGCTCAGA-1,0.011816761,Non-Persister
ACGGAGACAATGGAGC-1,0.09900677,Non-Persister
ACGGAGACAGGCAGTA-1,0.49324536,Non-Persister
ACGGAGACAGGGTTAG-1,0.30448818,Non-Persister
ACGGAGAGTGGTCTCG-1,0.23372903,Non-Persister
ACGGAGATCTGCCCTA-1,0.4402773,Non-Persister
ACGGCCAAGGATTCGG-1,0.5503138,Non-Persister
ACGGCCACACGGCCAT-1,0.12089074,Non-Persister
ACGGCCAGTCGCATCG-1,0.78074133,Non-Persister
ACGGGCTTCCTTGACC-1,0.3179251,Non-Persister
ACGGGTCAGCTAAGAT-1,0.6751302,Non-Persister
ACGTCAAAGATCCCAT-1,0.8029438,Persister
ACGTCAAAGTCTCCTC-1,0.6745586,Non-Persister
ACGTCAACACAGCCCA-1,0.096311375,Non-Persister
ACGTCAACACGAAGCA-1,0.8222746,Persister
ACGTCAACAGTCAGCC-1,0.04936814,Non-Persister
ACGTCAAGTCTGCGGT-1,0.3085977,Non-Persister
ACGTCAAGTGTCTGAT-1,0.85509723,Persister
ACGTCAATCACGACTA-1,0.9923611,Persister
ACGTCAATCCCTAACC-1,0.5237566,Non-Persister
ACGTCAATCCCTCTTT-1,0.26499784,Non-Persister
ACGTCAATCTTCTGGC-1,0.06945246,Non-Persister
ACTATCTCACAGCGTC-1,0.012787564,Non-Persister
ACTATCTCACTCTGTC-1,0.09236132,Non-Persister
ACTGAACAGTATCTCG-1,0.3106477,Non-Persister
ACTGAACCAGCTATTG-1,0.3501066,Non-Persister
ACTGAACCATCCGCGA-1,0.34244975,Non-Persister
ACTGAGTCACTCAGGC-1,0.4440073,Non-Persister
ACTGAGTGTAGGACAC-1,0.79048055,Persister
ACTGAGTTCGTTGACA-1,0.50089884,Non-Persister
ACTGATGGTCTAGGTT-1,0.19286889,Non-Persister
ACTGATGGTTATCACG-1,0.81458145,Persister
ACTGCTCAGACGCAAC-1,0.81315345,Persister
ACTGCTCAGTGGGTTG-1,0.71112317,Non-Persister
ACTGCTCGTAAATACG-1,0.47472772,Non-Persister
ACTGCTCGTGCGAAAC-1,0.9409672,Persister
ACTGCTCGTTCCGTCT-1,0.5221681,Non-Persister
ACTGTCCCATTACCTT-1,0.5503355,Non-Persister
ACTGTCCGTCTTCAAG-1,0.9276785,Persister
ACTGTCCGTTGTTTGG-1,0.9889482,Persister
ACTGTCCTCCCAAGTA-1,0.8309393,Persister
ACTTACTAGCGATATA-1,0.7096612,Non-Persister
ACTTGTTTCCTCCTAG-1,0.11112456,Non-Persister
ACTTTCAGTAACGTTC-1,0.35289016,Non-Persister
ACTTTCATCATCGGAT-1,0.6279852,Non-Persister
AGAATAGAGGCATTGG-1,0.14140837,Non-Persister
AGAATAGAGGCGACAT-1,0.2702091,Non-Persister
AGAATAGCACCAGATT-1,0.32739618,Non-Persister
AGAATAGGTAGCGTGA-1,0.3034668,Non-Persister
AGAATAGGTCGGCTCA-1,0.4865055,Non-Persister
AGAATAGGTCTAGCGC-1,0.17577979,Non-Persister
AGAATAGTCCGCATCT-1,0.9988085,Persister
AGACGTTAGCTAAACA-1,0.13551962,Non-Persister
AGACGTTAGGCTAGGT-1,0.31067175,Non-Persister
AGACGTTCACATAACC-1,0.035221774,Non-Persister
AGACGTTGTGTATGGG-1,0.44656333,Non-Persister
AGACGTTTCAATAAGG-1,0.27259344,Non-Persister
AGAGCGACAGTGGGAT-1,0.912543,Persister
AGAGCGACATACTCTT-1,0.18365656,Non-Persister
AGAGCGACATGGTAGG-1,0.85536945,Persister
AGAGCTTCACGGTTTA-1,0.61817044,Non-Persister
AGAGCTTGTTCCACGG-1,0.58303624,Non-Persister
AGAGCTTTCACAACGT-1,0.29186574,Non-Persister
AGAGCTTTCGTGACAT-1,0.37114668,Non-Persister
AGAGTGGAGAGACTAT-1,0.0025729586,Non-Persister
AGAGTGGCATGCCCGA-1,0.0056542624,Non-Persister
AGAGTGGGTCGGCACT-1,0.6861661,Non-Persister
AGAGTGGTCGTTGCCT-1,0.3848342,Non-Persister
AGATCTGAGCCAACAG-1,0.999824,Persister
AGATCTGCAATAAGCA-1,0.8478226,Persister
AGATCTGCACAGTCGC-1,0.9721807,Persister
AGATCTGCACATTCGA-1,0.20925212,Non-Persister
AGATCTGGTTTGCATG-1,0.172222,Non-Persister
AGATTGCGTCCGAAGA-1,0.4862004,Non-Persister
AGCAGCCAGTCCAGGA-1,0.12284272,Non-Persister
AGCAGCCGTACCGCTG-1,0.37114668,Non-Persister
AGCAGCCGTCCGTCAG-1,0.117852874,Non-Persister
AGCAGCCTCACAAACC-1,0.59230566,Non-Persister
AGCAGCCTCAGTCAGT-1,0.34599543,Non-Persister
AGCAGCCTCCCGACTT-1,0.9797339,Persister
AGCATACAGAATGTGT-1,0.15205868,Non-Persister
AGCATACAGCTAAGAT-1,0.30229235,Non-Persister
AGCATACCAATAACGA-1,0.032739647,Non-Persister
AGCATACGTACAAGTA-1,0.22136264,Non-Persister
AGCATACTCACCAGGC-1,0.3974707,Non-Persister
AGCATACTCCCTAATT-1,0.5795987,Non-Persister
AGCATACTCGCTGATA-1,0.88996434,Persister
AGCATACTCGGATGGA-1,0.19008903,Non-Persister
AGCCTAACACGTCAGC-1,0.050880942,Non-Persister
AGCCTAACATTCTTAC-1,0.5330314,Non-Persister
AGCCTAATCCTCATTA-1,0.696786,Non-Persister
AGCGGTCCAAAGGTGC-1,0.10226194,Non-Persister
AGCGGTCCAAGCTGAG-1,0.37443587,Non-Persister
AGCGGTCCACCTGGTG-1,0.7785234,Non-Persister
AGCGTATGTCCGAATT-1,0.501732,Non-Persister
AGCGTATTCCTTCAAT-1,0.0028598378,Non-Persister
AGCGTATTCTACTATC-1,0.14338216,Non-Persister
AGCGTCGAGAGAACAG-1,0.04943927,Non-Persister
AGCGTCGCACTATCTT-1,0.009004118,Non-Persister
AGCGTCGCATTTCACT-1,0.33087215,Non-Persister
AGCGTCGGTGTGCCTG-1,0.77563757,Non-Persister
AGCTCCTAGGCCCTCA-1,0.82067126,Persister
AGCTCCTGTCCATCCT-1,0.8920674,Persister
AGCTCCTTCGCCTGTT-1,0.7807165,Non-Persister
AGCTCTCCAATGTAAG-1,0.04238847,Non-Persister
AGCTCTCGTGGTTTCA-1,0.030155206,Non-Persister
AGCTCTCGTTACCAGT-1,0.57019824,Non-Persister
AGCTCTCGTTGCCTCT-1,0.816089,Persister
AGCTTGAAGTGTCCAT-1,0.7412828,Non-Persister
AGCTTGAGTATAAACG-1,0.7833356,Non-Persister
AGCTTGAGTCAAAGAT-1,0.6860129,Non-Persister
AGCTTGAGTCCAGTAT-1,0.747307,Non-Persister
AGCTTGAGTGCCTGGT-1,0.20692717,Non-Persister
AGCTTGATCAATCACG-1,0.79688966,Persister
AGGCCACAGATAGCAT-1,0.3086386,Non-Persister
AGGCCACCATATACGC-1,0.1520578,Non-Persister
AGGCCACTCCATGAAC-1,0.51105803,Non-Persister
AGGCCACTCCGTACAA-1,0.970088,Persister
AGGCCGTAGTTCGATC-1,0.47225225,Non-Persister
AGGCCGTCACCAACCG-1,0.84710294,Persister
AGGCCGTTCTTATCTG-1,0.048650775,Non-Persister
AGGGAGTAGGTCGGAT-1,0.43966165,Non-Persister
AGGGAGTAGTTGTCGT-1,0.0013835555,Non-Persister
AGGGAGTGTCCTAGCG-1,0.993648,Persister
AGGGAGTGTGGCCCTA-1,0.7102592,Non-Persister
AGGGAGTTCTTCGGTC-1,0.77974725,Non-Persister
AGGGATGAGTTCGCAT-1,0.47242308,Non-Persister
AGGGATGCAATGGATA-1,0.20554176,Non-Persister
AGGGATGCACGCTTTC-1,0.7713194,Non-Persister
AGGGATGGTCTCATCC-1,0.7450161,Non-Persister
AGGGATGGTTCAGGCC-1,0.45212343,Non-Persister
AGGGATGTCAGTTTGG-1,0.8531024,Persister
AGGGTGAAGTGGTAAT-1,0.07715697,Non-Persister
AGGGTGACAATAACGA-1,0.19660665,Non-Persister
AGGGTGAGTGGCCCTA-1,0.3590151,Non-Persister
AGGGTGAGTTACGACT-1,0.83897865,Persister
AGGTCATAGCCCAATT-1,0.0090047475,Non-Persister
AGGTCATCAAGCGCTC-1,0.5638068,Non-Persister
AGGTCATCAATCCAAC-1,0.851541,Persister
AGGTCATGTCATCGGC-1,0.7229996,Non-Persister
AGGTCATTCATCACCC-1,0.77563757,Non-Persister
AGGTCATTCCAGAGGA-1,0.1533468,Non-Persister
AGGTCATTCTATCCTA-1,0.55650586,Non-Persister
AGGTCCGAGAAGGGTA-1,0.021607645,Non-Persister
AGGTCCGAGCCGGTAA-1,0.5820255,Non-Persister
AGGTCCGCAAGACACG-1,0.88486445,Persister
AGGTCCGCATTATCTC-1,0.4496389,Non-Persister
AGGTCCGGTCATCGGC-1,0.35171264,Non-Persister
AGTAGTCAGCGAGAAA-1,0.740493,Non-Persister
AGTAGTCAGGCAGGTT-1,0.43602607,Non-Persister
AGTAGTCAGTATCGAA-1,0.71483517,Non-Persister
AGTAGTCAGTCTCCTC-1,0.8164453,Persister
AGTAGTCAGTTACCCA-1,0.18503153,Non-Persister
AGTAGTCGTCCGTGAC-1,0.05380365,Non-Persister
AGTAGTCGTGCGGTAA-1,0.840402,Persister
AGTAGTCTCCACGAAT-1,0.53089726,Non-Persister
AGTCTTTAGCTAACAA-1,0.2458118,Non-Persister
AGTCTTTAGGATGGTC-1,0.81575656,Persister
AGTCTTTGTAGATTAG-1,0.0084005995,Non-Persister
AGTCTTTGTCCCTACT-1,0.035181593,Non-Persister
AGTCTTTTCAGGCCCA-1,0.6771995,Non-Persister
AGTGAGGCACATTTCT-1,0.60281473,Non-Persister
AGTGAGGGTCATACTG-1,0.1274049,Non-Persister
AGTGAGGTCTCTTATG-1,0.4618052,Non-Persister
AGTGGGAAGCTACCTA-1,0.7749453,Non-Persister
AGTGGGAAGGAGTTGC-1,0.7771231,Non-Persister
AGTGGGAAGGATGGAA-1,0.17682137,Non-Persister
AGTGGGACACTATCTT-1,0.03166955,Non-Persister
AGTGGGAGTCAACTGT-1,0.06007748,Non-Persister
AGTGGGAGTTAGTGGG-1,0.13367242,Non-Persister
AGTGGGAGTTATCACG-1,0.49342337,Non-Persister
AGTGGGATCTATCGCC-1,0.17696051,Non-Persister
AGTGTCAAGAATAGGG-1,0.63513136,Non-Persister
AGTGTCACATAGTAAG-1,0.8697638,Persister
AGTGTCAGTGTCCTCT-1,0.5149251,Non-Persister
AGTGTCATCCCATTTA-1,0.025071962,Non-Persister
AGTGTCATCGTCCAGG-1,0.4949706,Non-Persister
AGTTGGTAGCGACGTA-1,0.4033653,Non-Persister
AGTTGGTAGGAGTACC-1,0.09938873,Non-Persister
AGTTGGTCACGCTTTC-1,0.50399107,Non-Persister
AGTTGGTGTCACAAGG-1,0.23529401,Non-Persister
AGTTGGTGTCGGCACT-1,0.4008081,Non-Persister
AGTTGGTGTCTCCCTA-1,0.23291692,Non-Persister
AGTTGGTGTTCGCTAA-1,0.64981955,Non-Persister
AGTTGGTTCTGGGCCA-1,0.13068333,Non-Persister
ATAACGCAGCACGCCT-1,0.7906419,Persister
ATAACGCAGGGCTTGA-1,0.1725592,Non-Persister
ATAACGCTCAAACCGT-1,0.8480587,Persister
ATAAGAGCACTCGACG-1,0.37183824,Non-Persister
ATAAGAGGTCTCCCTA-1,0.8736729,Persister
ATAAGAGTCGTTGACA-1,0.7403418,Non-Persister
ATAGACCGTCTCTCGT-1,0.5956241,Non-Persister
ATAGACCTCTGCCAGG-1,0.51963574,Non-Persister
ATCACGAAGTGTGGCA-1,0.8876837,Persister
ATCACGACACACTGCG-1,0.77563757,Non-Persister
ATCACGATCTACCAGA-1,0.6572426,Non-Persister
ATCATCTAGCTGATAA-1,0.2685453,Non-Persister
ATCATCTAGGTTACCT-1,0.16483523,Non-Persister
ATCATCTCACACTGCG-1,0.95339566,Persister
ATCATCTGTAACGTTC-1,0.004467279,Non-Persister
ATCATCTTCTATCCCG-1,0.16009326,Non-Persister
ATCATGGCAGAAGCAC-1,0.8481966,Persister
ATCATGGTCCACGAAT-1,0.5235965,Non-Persister
ATCCACCCATGCCTAA-1,0.039736897,Non-Persister
ATCCGAAAGGACACCA-1,0.2978515,Non-Persister
ATCCGAACATTACCTT-1,0.86803025,Persister
ATCCGAAGTGACGCCT-1,0.91915333,Persister
ATCTACTAGTACACCT-1,0.010495854,Non-Persister
ATCTGCCCACTGCCAG-1,0.26462218,Non-Persister
ATCTGCCGTAAGTAGT-1,0.056838833,Non-Persister
ATCTGCCGTCGACTGC-1,0.3180175,Non-Persister
ATCTGCCTCAAACGGG-1,0.07735331,Non-Persister
ATCTGCCTCGTTACGA-1,0.013593917,Non-Persister
ATGAGGGCAAATACAG-1,0.2845973,Non-Persister
ATGAGGGCATTCCTCG-1,0.27958634,Non-Persister
ATGAGGGGTAGTAGTA-1,0.9431882,Persister
ATGCGATAGAGCTGCA-1,0.023031104,Non-Persister
ATGCGATAGTCATGCT-1,0.4736522,Non-Persister
ATGCGATGTCTGCCAG-1,0.07588204,Non-Persister
ATGCGATTCTACTATC-1,0.5404938,Non-Persister
ATGGGAGAGGTGCAAC-1,0.79997885,Persister
ATGGGAGCAACGATGG-1,0.65896547,Non-Persister
ATGGGAGCAAGACACG-1,0.032147013,Non-Persister
ATGGGAGCACGGTAGA-1,0.13418981,Non-Persister
ATGGGAGCATTTGCCC-1,0.25017357,Non-Persister
ATGGGAGGTGACGCCT-1,0.8024416,Persister
ATGGGAGGTGTCGCTG-1,0.80875456,Persister
ATGGGAGGTTCAGGCC-1,0.87255937,Persister
ATGGGAGTCACTCCTG-1,0.30081776,Non-Persister
ATGGGAGTCGGCGCTA-1,0.37114668,Non-Persister
ATGGGAGTCGTTACGA-1,0.1604982,Non-Persister
ATGTGTGCATGCAATC-1,0.024437103,Non-Persister
ATGTGTGTCAAGAAGT-1,0.07621412,Non-Persister
ATTACTCAGTGTCCAT-1,0.046004646,Non-Persister
ATTACTCCAGTGACAG-1,0.08336484,Non-Persister
ATTATCCAGTGCCAGA-1,0.85860246,Persister
ATTATCCCACAGATTC-1,0.31624922,Non-Persister
ATTATCCCACAGGTTT-1,0.4988779,Non-Persister
ATTATCCCATAAAGGT-1,0.7280135,Non-Persister
ATTATCCGTTGACGTT-1,0.08707236,Non-Persister
ATTATCCTCTCCAACC-1,0.4796723,Non-Persister
ATTCTACAGCGAGAAA-1,0.95754045,Persister
ATTCTACAGGTGGGTT-1,0.6938653,Non-Persister
ATTCTACAGGTTACCT-1,0.88938516,Persister
ATTCTACGTCCTGCTT-1,0.86039126,Persister
ATTGGACAGCCTTGAT-1,0.15904461,Non-Persister
ATTGGACCAACACGCC-1,0.016522272,Non-Persister
ATTGGACGTCGCGGTT-1,0.8184187,Persister
ATTGGTGAGATGTGTA-1,0.78704506,Persister
ATTGGTGAGCTAACTC-1,0.8967842,Persister
ATTGGTGCAGTCACTA-1,0.18834288,Non-Persister
ATTGGTGTCACAGTAC-1,0.77159625,Non-Persister
ATTGGTGTCCATGCTC-1,0.52432156,Non-Persister
ATTGGTGTCCGTCATC-1,0.842282,Persister
ATTTCTGTCCTCGCAT-1,0.1605535,Non-Persister
CAACCAAAGAACAATC-1,0.51144224,Non-Persister
CAACCAACACAAGCCC-1,0.1159769,Non-Persister
CAACCAACACAGCGTC-1,0.46070677,Non-Persister
CAACCAATCGTATCAG-1,0.026370628,Non-Persister
CAACCAATCGTGGACC-1,0.79568493,Persister
CAACCTCAGACTAGAT-1,0.5160568,Non-Persister
CAACCTCAGGATTCGG-1,0.8749682,Persister
CAACCTCCATTAGGCT-1,0.262935,Non-Persister
CAACCTCTCCTTCAAT-1,0.23554094,Non-Persister
CAACTAGAGACAAGCC-1,0.58720756,Non-Persister
CAACTAGGTCTAGCGC-1,0.81023526,Persister
CAACTAGGTTATTCTC-1,0.8956399,Persister
CAACTAGTCAGCAACT-1,0.7434947,Non-Persister
CAACTAGTCCTTGCCA-1,0.26530725,Non-Persister
CAACTAGTCTGCAGTA-1,0.06099507,Non-Persister
CAAGAAACAGCGTCCA-1,0.72235924,Non-Persister
CAAGAAAGTGCAGACA-1,0.6055655,Non-Persister
CAAGATCAGATCCTGT-1,0.33200583,Non-Persister
CAAGATCAGTCACGCC-1,0.3495433,Non-Persister
CAAGATCAGTTGCAGG-1,0.034709655,Non-Persister
CAAGATCGTTATGCGT-1,0.7916528,Persister
CAAGATCTCGGATGGA-1,0.17028438,Non-Persister
CAAGATCTCTCTTGAT-1,0.20006318,Non-Persister
CAAGGCCGTAAGGGCT-1,0.025246145,Non-Persister
CAAGGCCTCTCTGTCG-1,0.538475,Non-Persister
CAAGTTGAGCAGCCTC-1,0.059348073,Non-Persister
CAAGTTGCATTCCTGC-1,0.4135391,Non-Persister
CAAGTTGCATTGGTAC-1,0.89517766,Persister
CAAGTTGGTGAAGGCT-1,0.77563757,Non-Persister
CACAAACAGATCCCAT-1,0.04128209,Non-Persister
CACAAACAGGTGCTTT-1,0.10282298,Non-Persister
CACAAACCAGCTGCAC-1,0.8624065,Persister
CACACAAAGTCATCCA-1,0.18594246,Non-Persister
CACACAACAAACTGTC-1,0.11814389,Non-Persister
CACACAACAGACGCCT-1,0.72129035,Non-Persister
CACACAATCATCGATG-1,0.2938764,Non-Persister
CACACAATCGGTGTCG-1,0.77563757,Non-Persister
CACACCTCACTCGACG-1,0.9712913,Persister
CACACCTGTGACTACT-1,0.4367539,Non-Persister
CACACTCAGGGAACGG-1,0.6929688,Non-Persister
CACACTCCAGCTCGCA-1,0.49825433,Non-Persister
CACAGGCCAGTGGGAT-1,0.31081414,Non-Persister
CACAGGCGTCTAGTCA-1,0.85700375,Persister
CACAGTAAGGAGTTTA-1,0.41445535,Non-Persister
CACAGTACACGAAGCA-1,0.21172737,Non-Persister
CACAGTAGTTACGGAG-1,0.032423988,Non-Persister
CACAGTAGTTGGACCC-1,0.18050537,Non-Persister
CACATAGAGGGTATCG-1,0.24108061,Non-Persister
CACATAGAGTTAAGTG-1,0.57616997,Non-Persister
CACATAGGTACCATCA-1,0.77476823,Non-Persister
CACATAGGTCTAGGTT-1,0.37114668,Non-Persister
CACATAGTCCGGGTGT-1,0.3919475,Non-Persister
CACATAGTCGTAGGAG-1,0.20434923,Non-Persister
CACATTTAGACTTGAA-1,0.783168,Non-Persister
CACATTTAGGAGTCTG-1,0.69002235,Non-Persister
CACATTTAGTGGGATC-1,0.5172468,Non-Persister
CACATTTCACGTAAGG-1,0.13836972,Non-Persister
CACATTTGTGCAACGA-1,0.7053608,Non-Persister
CACATTTGTGTGACCC-1,0.094391905,Non-Persister
CACATTTTCCAGGGCT-1,0.8575336,Persister
CACCACTCACGCCAGT-1,0.27259344,Non-Persister
CACCACTGTTAGGGTG-1,0.5938745,Non-Persister
CACCACTTCCTGCAGG-1,0.877931,Persister
CACCACTTCTACGAGT-1,0.72806245,Non-Persister
CACCAGGCAAAGTCAA-1,0.2974449,Non-Persister
CACCAGGCACATCCAA-1,0.7215724,Non-Persister
CACCAGGGTTGACGTT-1,0.07401704,Non-Persister
CACCAGGTCGAACTGT-1,0.65874606,Non-Persister
CACCTTGAGAGGGCTT-1,0.104041025,Non-Persister
CACCTTGGTAAGTTCC-1,0.6571324,Non-Persister
CACCTTGGTGTCCTCT-1,0.6548558,Non-Persister
CACCTTGTCACGATGT-1,0.41889527,Non-Persister
CACTCCAAGCCGATTT-1,0.22805646,Non-Persister
CACTCCACATACTCTT-1,0.8683793,Persister
CACTCCAGTAGTACCT-1,0.46899712,Non-Persister
CACTCCATCGCGTTTC-1,0.2746841,Non-Persister
CAGAATCAGTCAAGCG-1,0.5111048,Non-Persister
CAGAATCGTCTAGCGC-1,0.89751524,Persister
CAGAGAGAGTTGTCGT-1,0.73017347,Non-Persister
CAGAGAGGTCTGGAGA-1,0.69138116,Non-Persister
CAGATCAAGAAAGTGG-1,0.6640899,Non-Persister
CAGATCAAGGAGTTTA-1,0.6673839,Non-Persister
CAGATCACAAATTGCC-1,0.84840435,Persister
CAGATCACAGGTGGAT-1,0.21368343,Non-Persister
CAGATCAGTACAGTGG-1,0.34260115,Non-Persister
CAGATCATCAGCCTAA-1,0.6946466,Non-Persister
CAGATCATCAGTTCGA-1,0.19980371,Non-Persister
CAGCAGCAGAACAATC-1,0.9323344,Persister
CAGCAGCAGCCCGAAA-1,0.49857345,Non-Persister
CAGCAGCGTCATATGC-1,0.06721272,Non-Persister
CAGCAGCGTCTCGTTC-1,0.9954756,Persister
CAGCATAGTATGAAAC-1,0.026523547,Non-Persister
CAGCATAGTGCTAGCC-1,0.8184763,Persister
CAGCATATCGAGAGCA-1,0.44584113,Non-Persister
CAGCATATCGCCGTGA-1,0.9992009,Persister
CAGCCGACAGATGGGT-1,0.14595449,Non-Persister
CAGCCGAGTACTCAAC-1,0.10100234,Non-Persister
CAGCCGAGTCGCCATG-1,0.67611957,Non-Persister
CAGCCGATCATCACCC-1,0.06440976,Non-Persister
CAGCCGATCCTGCAGG-1,0.5355873,Non-Persister
CAGCCGATCTGCGTAA-1,0.59480554,Non-Persister
CAGCGACAGACTTTCG-1,0.31634974,Non-Persister
CAGCGACCATGCTGGC-1,0.992086,Persister
CAGCGACGTCGTTGTA-1,0.91121924,Persister
CAGCGACTCAGCGATT-1,0.7770997,Non-Persister
CAGCGACTCGGTCTAA-1,0.6895695,Non-Persister
CAGCTAAAGTAGCGGT-1,0.16174068,Non-Persister
CAGCTAAAGTTTGCGT-1,0.7379535,Non-Persister
CAGCTAATCATGCATG-1,0.08161339,Non-Persister
CAGCTAATCTTGACGA-1,0.009846253,Non-Persister
CAGCTGGCATGAGCGA-1,0.86852854,Persister
CAGGTGCTCAGTTCGA-1,0.451302,Non-Persister
CAGTAACAGACATAAC-1,0.34897402,Non-Persister
CAGTAACCAAGTACCT-1,0.240584,Non-Persister
CAGTAACCAGGTGGAT-1,0.047220346,Non-Persister
CAGTAACCATCGATGT-1,0.8331357,Persister
CAGTAACGTTCGAATC-1,0.32365224,Non-Persister
CAGTAACTCAGATAAG-1,0.017999629,Non-Persister
CAGTCCTCACCGAAAG-1,0.86156386,Persister
CAGTCCTCAGATGGGT-1,0.37355074,Non-Persister
CAGTCCTGTCGGCATC-1,0.7167265,Non-Persister
CAGTCCTGTCTTGCGG-1,0.23364274,Non-Persister
CAGTCCTTCGAGGTAG-1,0.6676422,Non-Persister
CATATGGCAATGTAAG-1,0.5921555,Non-Persister
CATATGGCACCTATCC-1,0.7653819,Non-Persister
CATATGGCATGAACCT-1,0.013182038,Non-Persister
CATATGGGTATTAGCC-1,0.20286223,Non-Persister
CATATGGGTCAAACTC-1,0.671851,Non-Persister
CATATGGGTCAGAATA-1,0.93366486,Persister
CATATTCAGCGTGAGT-1,0.12487335,Non-Persister
CATATTCAGTTACCCA-1,0.81098276,Persister
CATATTCGTATTACCG-1,0.4096099,Non-Persister
CATATTCGTCTAAAGA-1,0.4744822,Non-Persister
CATATTCGTTATCGGT-1,0.45160073,Non-Persister
CATCAAGAGTATCTCG-1,0.15134089,Non-Persister
CATCAAGCATCAGTAC-1,0.024061054,Non-Persister
CATCAAGTCACGGTTA-1,0.63454217,Non-Persister
CATCAAGTCCAGTAGT-1,0.85929996,Persister
CATCAGAAGATGCCAG-1,0.99313605,Persister
CATCAGAGTCCAAGTT-1,0.4995178,Non-Persister
CATCAGATCGCCGTGA-1,0.54052603,Non-Persister
CATCCACCAGCCTGTG-1,0.5118245,Non-Persister
CATCCACGTGTAACGG-1,0.532233,Non-Persister
CATCCACTCATAAAGG-1,0.5759701,Non-Persister
CATCCACTCCCTCTTT-1,0.8636823,Persister
CATCGAAGTTAGATGA-1,0.8587526,Persister
CATCGGGAGATGTAAC-1,0.17271523,Non-Persister
CATCGGGGTCTCTCGT-1,0.48021013,Non-Persister
CATGACAAGCTCCTCT-1,0.5727849,Non-Persister
CATGCCTAGATATACG-1,0.663127,Non-Persister
CATGCCTAGGCTCTTA-1,0.79478306,Persister
CATGCCTCATTCTTAC-1,0.93060154,Persister
CATGCCTTCGAATGCT-1,0.64971316,Non-Persister
CATGGCGAGACAGAGA-1,0.5430341,Non-Persister
CATGGCGTCCTGTACC-1,0.80499107,Persister
CATTATCCACTAGTAC-1,0.22570398,Non-Persister
CATTATCGTCTAAAGA-1,0.7920085,Persister
CATTATCGTCTGGTCG-1,0.035047933,Non-Persister
CATTATCTCAGGCAAG-1,0.050289836,Non-Persister
CATTCGCAGTTACGGG-1,0.7510648,Non-Persister
CATTCGCCACCTCGTT-1,0.6279864,Non-Persister
CATTCGCCACTTCGAA-1,0.36048615,Non-Persister
CATTCGCCAGACGCCT-1,0.28106645,Non-Persister
CATTCGCCATTTGCTT-1,0.49376017,Non-Persister
CATTCGCGTCTGGAGA-1,0.37928087,Non-Persister
CATTCGCTCCATGAAC-1,0.053995978,Non-Persister
CATTCGCTCCTAGTGA-1,0.2386439,Non-Persister
CCAATCCAGGCTCATT-1,0.37114668,Non-Persister
CCAATCCCAAGTCTAC-1,0.91677904,Persister
CCAATCCCAGTGGAGT-1,0.27411032,Non-Persister
CCAATCCGTCTTGATG-1,0.81583005,Persister
CCAATCCGTTACTGAC-1,0.6455912,Non-Persister
CCAATCCGTTATTCTC-1,0.1334967,Non-Persister
CCAATCCTCCGCTGTT-1,0.86824787,Persister
CCAATCCTCCTTTCGG-1,0.72709674,Non-Persister
CCACCTAAGTGGAGAA-1,0.13382779,Non-Persister
CCACCTAAGTTAGCGG-1,0.98227537,Persister
CCACGGAGTGAACCTT-1,0.29082346,Non-Persister
CCACGGAGTTAAGAAC-1,0.6947315,Non-Persister
CCACGGAGTTGGGACA-1,0.54917085,Non-Persister
CCACTACAGCCAGTAG-1,0.77563757,Non-Persister
CCACTACCATATACGC-1,0.90905136,Persister
CCACTACTCGTATCAG-1,0.62604016,Non-Persister
CCAGCGAAGCCACGCT-1,0.25096005,Non-Persister
CCAGCGACACGTAAGG-1,0.6974974,Non-Persister
CCAGCGACATCTCCCA-1,0.712586,Non-Persister
CCAGCGACATTGGGCC-1,0.2428426,Non-Persister
CCAGCGAGTAGTGAAT-1,0.5614609,Non-Persister
CCAGCGATCGAGAACG-1,0.11665177,Non-Persister
CCATTCGGTAACGACG-1,0.3333212,Non-Persister
CCATTCGGTACACCGC-1,0.24029662,Non-Persister
CCATTCGGTCCGTCAG-1,0.012588493,Non-Persister
CCATTCGGTCCGTGAC-1,0.6511566,Non-Persister
CCATTCGGTGGTTTCA-1,0.28970543,Non-Persister
CCATTCGTCTAGAGTC-1,0.679524,Non-Persister
CCCAATCCAGTTTACG-1,0.15036514,Non-Persister
CCCAATCGTGATGATA-1,0.70422566,Non-Persister
CCCAGTTAGTACGACG-1,0.6769423,Non-Persister
CCCAGTTCAGGTCTCG-1,0.37466037,Non-Persister
CCCAGTTCATCACAAC-1,0.3875512,Non-Persister
CCCAGTTGTGTTTGTG-1,0.2845719,Non-Persister
CCCATACAGATGTGGC-1,0.33464724,Non-Persister
CCCATACCAATGGAAT-1,0.74826586,Non-Persister
CCCATACCAGCCACCA-1,0.36109886,Non-Persister
CCCATACGTACAAGTA-1,0.42715585,Non-Persister
CCCATACGTCAAGCGA-1,0.092654705,Non-Persister
CCCATACGTGCAGACA-1,0.027028047,Non-Persister
CCCTCCTGTGCAGTAG-1,0.691611,Non-Persister
CCCTCCTTCTCGGACG-1,0.9349596,Persister
CCGGGATCAGATTGCT-1,0.47096938,Non-Persister
CCGGGATCAGGTCTCG-1,0.8736283,Persister
CCGGGATGTGCTAGCC-1,0.8563574,Persister
CCGGGATGTGTTGGGA-1,0.12947655,Non-Persister
CCGGGATGTTGTGGAG-1,0.007221234,Non-Persister
CCGGGATTCGAGCCCA-1,0.4409056,Non-Persister
CCGGTAGAGTAGTGCG-1,0.44154137,Non-Persister
CCGGTAGGTTACGCGC-1,0.05578244,Non-Persister
CCGGTAGTCATAGCAC-1,0.43873698,Non-Persister
CCGGTAGTCCCACTTG-1,0.463148,Non-Persister
CCGGTAGTCCTAGGGC-1,0.025700629,Non-Persister
CCGTACTAGATATACG-1,0.5904681,Non-Persister
CCGTACTCACGTGAGA-1,0.3495433,Non-Persister
CCGTACTGTTAAGTAG-1,0.030376012,Non-Persister
CCGTGGAGTTGGGACA-1,0.068882324,Non-Persister
CCGTTCAAGCGTAGTG-1,0.013132632,Non-Persister
CCGTTCACACATCCAA-1,0.92555636,Persister
CCGTTCACAGGACCCT-1,0.16448689,Non-Persister
CCGTTCACATGCCTTC-1,0.52601385,Non-Persister
CCGTTCAGTAAGGGAA-1,0.36510804,Non-Persister
CCGTTCATCACAAACC-1,0.80793476,Persister
CCGTTCATCCTAGGGC-1,0.30825812,Non-Persister
CCGTTCATCTTCATGT-1,0.17206915,Non-Persister
CCTAAAGAGTATTGGA-1,0.594519,Non-Persister
CCTAAAGCACTCAGGC-1,0.9329915,Persister
CCTAAAGCAGTCGATT-1,0.9507872,Persister
CCTAAAGGTTAAGAAC-1,0.06159118,Non-Persister
CCTAAAGTCACATGCA-1,0.9212729,Persister
CCTAAAGTCGAATCCA-1,0.033990134,Non-Persister
CCTAAAGTCTAACTCT-1,0.46359897,Non-Persister
CCTACACAGTGGACGT-1,0.0104905665,Non-Persister
CCTACACCAATGGAGC-1,0.0017615007,Non-Persister
CCTACACGTTACGCGC-1,0.8185978,Persister
CCTACACGTTCTCATT-1,0.008977457,Non-Persister
CCTACACTCTGCAGTA-1,0.81718415,Persister
CCTACCAGTCAATGTC-1,0.74040747,Non-Persister
CCTAGCTAGCCTCGTG-1,0.73339707,Non-Persister
CCTAGCTGTTCTGTTT-1,0.09062264,Non-Persister
CCTAGCTTCCTAGGGC-1,0.83402735,Persister
CCTATTAAGACATAAC-1,0.5199252,Non-Persister
CCTATTATCCTCATTA-1,0.35128897,Non-Persister
CCTCAGTAGTAGGCCA-1,0.60522306,Non-Persister
CCTCAGTCAGGGATTG-1,0.024331903,Non-Persister
CCTCAGTGTAACGACG-1,0.38869157,Non-Persister
CCTCTGACAACACCTA-1,0.36339635,Non-Persister
CCTCTGACATTATCTC-1,0.29225737,Non-Persister
CCTCTGATCTCTTGAT-1,0.3632952,Non-Persister
CCTTACGCATACCATG-1,0.1748648,Non-Persister
CCTTACGGTGCTTCTC-1,0.6736704,Non-Persister
CCTTACGGTGTCAATC-1,0.5259131,Non-Persister
CCTTACGTCCTAGAAC-1,0.35547662,Non-Persister
CCTTCCCAGGTAGCTG-1,0.46174917,Non-Persister
CCTTCCCGTATGAATG-1,0.787135,Persister
CCTTCCCGTCACTTCC-1,0.65051407,Non-Persister
CCTTCCCTCGCATGAT-1,0.78730524,Persister
CCTTTCTAGTCCGGTC-1,0.40021428,Non-Persister
CCTTTCTGTAGCTTGT-1,0.77563757,Non-Persister
CCTTTCTTCGTCTGAA-1,0.94670796,Persister
CGAACATAGGGCTTGA-1,0.81560385,Persister
CGAACATCAGCTTAAC-1,0.21254851,Non-Persister
CGAACATGTCGCATAT-1,0.5858533,Non-Persister
CGAACATGTTCAGCGC-1,0.68279064,Non-Persister
CGAATGTCATCCCACT-1,0.81375325,Persister
CGACCTTAGTCCTCCT-1,0.9673346,Persister
CGACTTCGTGACAAAT-1,0.038491517,Non-Persister
CGACTTCTCGCGTTTC-1,0.10674677,Non-Persister
CGAGAAGCAATCGGTT-1,0.9889564,Persister
CGAGAAGTCACCGTAA-1,0.9292966,Persister
CGAGAAGTCCTTTCGG-1,0.6308981,Non-Persister
CGAGAAGTCGCCCTTA-1,0.49733058,Non-Persister
CGAGAAGTCGGTCTAA-1,0.20959534,Non-Persister
CGAGCACAGAACTGTA-1,0.7297774,Non-Persister
CGAGCACAGCGGATCA-1,0.36035594,Non-Persister
CGAGCACTCAGCGACC-1,0.50528795,Non-Persister
CGAGCACTCTGGCGAC-1,0.83502245,Persister
CGAGCCACACGGTAAG-1,0.9903729,Persister
CGAGCCACATTGTGCA-1,0.8941207,Persister
CGAGCCAGTACCGAGA-1,0.43536747,Non-Persister
CGAGCCAGTTCGTGAT-1,0.84165174,Persister
CGAGCCATCACCGTAA-1,0.44440606,Non-Persister
CGATCGGCACAGACTT-1,0.997689,Persister
CGATCGGTCACCCGAG-1,0.37114668,Non-Persister
CGATGGCAGCGTGAGT-1,0.7222543,Non-Persister
CGATGGCGTAAATACG-1,0.37875143,Non-Persister
CGATGTAAGTGCGATG-1,0.34492183,Non-Persister
CGATGTACAGCTCGAC-1,0.5937559,Non-Persister
CGATTGAAGCCACGCT-1,0.37671906,Non-Persister
CGATTGAAGCCTTGAT-1,0.9263626,Persister
CGATTGACAAGGACTG-1,0.30012146,Non-Persister
CGATTGAGTTCGGCAC-1,0.34544677,Non-Persister
CGATTGATCATTATCC-1,0.4268116,Non-Persister
CGCCAAGCAAACGCGA-1,0.5759701,Non-Persister
CGCCAAGCACGAAAGC-1,0.84445465,Persister
CGCCAAGGTACAAGTA-1,0.74278945,Non-Persister
CGCCAAGTCATAGCAC-1,0.3227111,Non-Persister
CGCGGTACACGGTGTC-1,0.052609958,Non-Persister
CGCGTTTTCTGGTTCC-1,0.80741274,Persister
CGCTATCCAATAGCGG-1,0.82914096,Persister
CGCTATCCAGTATCTG-1,0.0083749555,Non-Persister
CGCTATCGTTATCACG-1,0.7736553,Non-Persister
CGCTATCTCCTTGCCA-1,0.18265423,Non-Persister
CGCTATCTCTCGATGA-1,0.38579142,Non-Persister
CGCTATCTCTTGAGAC-1,0.8223644,Persister
CGCTGGAAGCCCGAAA-1,0.59059274,Non-Persister
CGCTGGACAGGCGATA-1,0.053423844,Non-Persister
CGCTGGATCATGTCTT-1,0.8187372,Persister
CGCTGGATCTCCAACC-1,0.8759388,Persister
CGCTTCAAGCGATATA-1,0.5775149,Non-Persister
CGCTTCATCGGCATCG-1,0.9869484,Persister
CGGACACCAGTCCTTC-1,0.6670536,Non-Persister
CGGACACTCGCGTTTC-1,0.84425527,Persister
CGGACACTCTGAGGGA-1,0.022006106,Non-Persister
CGGACGTAGCGTTTAC-1,0.37114668,Non-Persister
CGGACGTGTGCAGGTA-1,0.32227835,Non-Persister
CGGACGTGTTACTGAC-1,0.8862458,Persister
CGGACTGAGATCGGGT-1,0.7706494,Non-Persister
CGGACTGAGCGCCTCA-1,0.80400527,Persister
CGGACTGAGGAGTTGC-1,0.07300904,Non-Persister
CGGACTGAGGCATTGG-1,0.6806796,Non-Persister
CGGACTGCAGTGAGTG-1,0.30860263,Non-Persister
CGGACTGGTAAATGAC-1,0.7211919,Non-Persister
CGGACTGGTTCATGGT-1,0.77563757,Non-Persister
CGGACTGGTTGACGTT-1,0.68156344,Non-Persister
CGGACTGTCCAACCAA-1,0.6267791,Non-Persister
CGGAGCTAGACTTTCG-1,0.0049638255,Non-Persister
CGGAGCTAGATCCTGT-1,0.81639963,Persister
CGGAGCTGTGTGACCC-1,0.08021144,Non-Persister
CGGAGCTGTTAAGGGC-1,0.15290758,Non-Persister
CGGAGCTTCCACTGGG-1,0.49753055,Non-Persister
CGGAGCTTCGCGTTTC-1,0.5263988,Non-Persister
CGGAGCTTCTTTAGTC-1,0.6956865,Non-Persister
CGGAGTCAGATCCCAT-1,0.67979044,Non-Persister
CGGAGTCAGGCATTGG-1,0.09143154,Non-Persister
CGGAGTCAGGGATACC-1,0.00053639093,Non-Persister
CGGAGTCCATAGACTC-1,0.86207646,Persister
CGGCTAGAGATCTGCT-1,0.14030308,Non-Persister
CGGCTAGAGCGACGTA-1,0.1350433,Non-Persister
CGGCTAGCAAGAAAGG-1,0.37540722,Non-Persister
CGGCTAGTCCCAAGAT-1,0.23744786,Non-Persister
CGGCTAGTCGTTACAG-1,0.04129729,Non-Persister
CGGCTAGTCTTGAGGT-1,0.9664316,Persister
CGGGTCACAAGAGTCG-1,0.47806093,Non-Persister
CGGGTCACATAAGACA-1,0.5881052,Non-Persister
CGGGTCAGTCCAGTTA-1,0.45047313,Non-Persister
CGGTTAAAGCGATCCC-1,0.013327059,Non-Persister
CGGTTAACATGCATGT-1,0.040857233,Non-Persister
CGGTTAAGTCGGCATC-1,0.13678302,Non-Persister
CGGTTAATCATCATTC-1,0.8346348,Persister
CGTAGCGAGCGCTCCA-1,0.75815946,Non-Persister
CGTAGCGGTCCTCCAT-1,0.8367745,Persister
CGTAGCGTCATTCACT-1,0.19532585,Non-Persister
CGTAGGCAGACCTAGG-1,0.35082388,Non-Persister
CGTAGGCCAATCGAAA-1,0.023648081,Non-Persister
CGTAGGCCACAGATTC-1,0.81086886,Persister
CGTAGGCCACGGTGTC-1,0.25125742,Non-Persister
CGTAGGCCATTAGGCT-1,0.37114668,Non-Persister
CGTAGGCGTGGTACAG-1,0.30138227,Non-Persister
CGTCACTCATTAACCG-1,0.91305006,Persister
CGTCAGGAGGGCACTA-1,0.019250596,Non-Persister
CGTCAGGGTCAAGCGA-1,0.9031036,Persister
CGTCAGGGTCGATTGT-1,0.6502335,Non-Persister
CGTCAGGTCAACCAAC-1,0.86672693,Persister
CGTCAGGTCCTATGTT-1,0.045227986,Non-Persister
CGTCAGGTCTTGGGTA-1,0.50148463,Non-Persister
CGTCCATAGCGTGAAC-1,0.4614729,Non-Persister
CGTCCATAGGGAAACA-1,0.2796886,Non-Persister
CGTCCATGTGTAATGA-1,0.53370273,Non-Persister
CGTCCATGTTACGGAG-1,0.38462746,Non-Persister
CGTCTACAGGAGTACC-1,0.99961,Persister
CGTCTACGTCGGGTCT-1,0.88817334,Persister
CGTCTACGTGTTGGGA-1,0.040025394,Non-Persister
CGTGAGCAGTACACCT-1,0.61426353,Non-Persister
CGTGAGCAGTATCGAA-1,0.5111188,Non-Persister
CGTGAGCAGTGGTAGC-1,0.008589305,Non-Persister
CGTGAGCGTCTAGAGG-1,0.069922745,Non-Persister
CGTGAGCGTTCACGGC-1,0.21987951,Non-Persister
CGTGAGCTCCACGTGG-1,0.5216999,Non-Persister
CGTGAGCTCTCTGTCG-1,0.71011496,Non-Persister
CGTGTAACACATGTGT-1,0.018973598,Non-Persister
CGTGTAACAGATTGCT-1,0.31470925,Non-Persister
CGTGTAAGTGTAACGG-1,0.82167983,Persister
CGTGTAATCGCATGGC-1,0.7440202,Non-Persister
CGTGTCTAGTACACCT-1,0.8199202,Persister
CGTGTCTCATACGCTA-1,0.08227357,Non-Persister
CGTGTCTGTCGCGAAA-1,0.7826042,Non-Persister
CGTGTCTGTTTAGGAA-1,0.77563757,Non-Persister
CGTGTCTTCCACGTGG-1,0.4743713,Non-Persister
CGTTAGAGTGACGGTA-1,0.038627654,Non-Persister
CGTTAGATCCTGCAGG-1,0.9963736,Persister
CGTTCTGAGTACGCCC-1,0.79037297,Persister
CGTTCTGCACCTTGTC-1,0.3109154,Non-Persister
CGTTCTGGTTAAGTAG-1,0.264466,Non-Persister
CGTTCTGTCACAATGC-1,0.87292105,Persister
CGTTGGGAGCGTTTAC-1,0.002290197,Non-Persister
CGTTGGGAGGGATGGG-1,0.86180216,Persister
CGTTGGGCACGGTAGA-1,0.14976232,Non-Persister
CGTTGGGGTAGAGCTG-1,0.40477386,Non-Persister
CGTTGGGGTCAGAAGC-1,0.5216588,Non-Persister
CGTTGGGTCCCATTTA-1,0.84223443,Persister
CGTTGGGTCTCCAACC-1,0.55388373,Non-Persister
CTAACTTAGAGACGAA-1,0.5779209,Non-Persister
CTAACTTGTACCGCTG-1,0.8728395,Persister
CTAACTTTCTCACATT-1,0.6107211,Non-Persister
CTAACTTTCTGCTTGC-1,0.33481488,Non-Persister
CTAAGACAGTCGAGTG-1,0.8124325,Persister
CTAAGACCAAAGTGCG-1,0.3549131,Non-Persister
CTAAGACCACTGTGTA-1,0.13033393,Non-Persister
CTAAGACCATTGTGCA-1,0.5868506,Non-Persister
CTAAGACGTCAGGACA-1,0.35010478,Non-Persister
CTAAGACTCTATGTGG-1,0.8796072,Persister
CTAATGGAGAATAGGG-1,0.9989749,Persister
CTAATGGCAGTAAGCG-1,0.67312783,Non-Persister
CTAATGGTCGACGGAA-1,0.06940379,Non-Persister
CTACACCAGTGCCAGA-1,0.9017149,Persister
CTACACCGTTACAGAA-1,0.058169205,Non-Persister
CTACATTAGTGCCATT-1,0.47564995,Non-Persister
CTACATTCAACAACCT-1,0.5985262,Non-Persister
CTACATTGTTTGGGCC-1,0.42590052,Non-Persister
CTACCCACAGAAGCAC-1,0.72967446,Non-Persister
CTACCCAGTGGAAAGA-1,0.7157181,Non-Persister
CTACGTCAGTGGTAAT-1,0.1655037,Non-Persister
CTACGTCAGTGTCTCA-1,0.7603315,Non-Persister
CTACGTCCATCACGTA-1,0.4704221,Non-Persister
CTACGTCCATGGTCAT-1,0.98162925,Persister
CTACGTCGTGATGCCC-1,0.5412976,Non-Persister
CTACGTCGTTACCAGT-1,0.04205544,Non-Persister
CTAGAGTAGTGTACCT-1,0.57958716,Non-Persister
CTAGAGTCATGTCTCC-1,0.8453645,Persister
CTAGAGTGTCTTCGTC-1,0.2909629,Non-Persister
CTAGCCTAGTACGCGA-1,0.34466317,Non-Persister
CTAGCCTGTCTGGTCG-1,0.6245063,Non-Persister
CTAGCCTTCTGTCCGT-1,0.14110579,Non-Persister
CTAGCCTTCTTTACGT-1,0.8297396,Persister
CTAGTGAAGTACGCGA-1,0.3080733,Non-Persister
CTAGTGAAGTGAATTG-1,0.1985802,Non-Persister
CTAGTGAAGTGGGCTA-1,0.09265618,Non-Persister
CTAGTGAGTAAGTTCC-1,0.015191196,Non-Persister
CTAGTGATCTACCAGA-1,0.49250048,Non-Persister
CTCACACAGAGACGAA-1,0.73106146,Non-Persister
CTCACACCAGTCAGCC-1,0.09771202,Non-Persister
CTCACACTCAATCTCT-1,0.49641597,Non-Persister
CTCAGAAAGTTAGCGG-1,0.34544426,Non-Persister
CTCAGAAGTGTAATGA-1,0.39014915,Non-Persister
CTCAGAATCCATGAAC-1,0.8438812,Persister
CTCAGAATCCTAGAAC-1,0.30658406,Non-Persister
CTCATTACACATGACT-1,0.69674224,Non-Persister
CTCATTACAGCTTAAC-1,0.43551773,Non-Persister
CTCATTACATCTCCCA-1,0.66150445,Non-Persister
CTCATTACATGGAATA-1,0.8480089,Persister
CTCATTAGTAAGCACG-1,0.6348801,Non-Persister
CTCCTAGCACGCTTTC-1,0.037796367,Non-Persister
CTCCTAGTCACTTACT-1,0.9166108,Persister
CTCCTAGTCGAATCCA-1,0.6731568,Non-Persister
CTCGAAAGTAATTGGA-1,0.046271946,Non-Persister
CTCGAAATCACCGTAA-1,0.50455314,Non-Persister
CTCGAGGAGTGCGATG-1,0.37114668,Non-Persister
CTCGAGGGTGCCTGGT-1,0.019783426,Non-Persister
CTCGGAGGTAATCGTC-1,0.7608197,Non-Persister
CTCGGAGGTGATGATA-1,0.7568021,Non-Persister
CTCGGGAAGTACGATA-1,0.53893936,Non-Persister
CTCGGGAAGTCGAGTG-1,0.81710196,Persister
CTCGGGACAGGCAGTA-1,0.43440413,Non-Persister
CTCGTACCATCACAAC-1,0.4289935,Non-Persister
CTCGTACTCGTGACAT-1,0.634898,Non-Persister
CTCGTCAAGTTTGCGT-1,0.14039025,Non-Persister
CTCGTCACATTACGAC-1,0.18378784,Non-Persister
CTCGTCAGTGGGTCAA-1,0.060733497,Non-Persister
CTCTAATCACACCGCA-1,0.5258432,Non-Persister
CTCTAATCATGCCTAA-1,0.26935264,Non-Persister
CTCTAATTCGGACAAG-1,0.82425404,Persister
CTCTACGAGCCACCTG-1,0.60925186,Non-Persister
CTCTACGCAAGCGAGT-1,0.3537785,Non-Persister
CTCTACGCACTCGACG-1,0.32384893,Non-Persister
CTCTACGCAGTAAGCG-1,0.80647725,Persister
CTCTACGTCCACGCAG-1,0.3700193,Non-Persister
CTCTACGTCCGTTGTC-1,0.49009275,Non-Persister
CTCTGGTCACGAAACG-1,0.5505022,Non-Persister
CTCTGGTCACTCTGTC-1,0.04938579,Non-Persister
CTCTGGTGTGAGGGAG-1,0.11562204,Non-Persister
CTCTGGTTCGGCCGAT-1,0.8108007,Persister
CTGAAACCACGACTCG-1,0.2750224,Non-Persister
CTGAAACGTGTCAATC-1,0.20811877,Non-Persister
CTGAAACTCTACTTAC-1,0.08706034,Non-Persister
CTGAAGTTCCGAGCCA-1,0.21277769,Non-Persister
CTGATAGGTGAGCGAT-1,0.09221542,Non-Persister
CTGATCCAGCGATTCT-1,0.27350187,Non-Persister
CTGATCCCAGTCAGCC-1,0.8871664,Persister
CTGATCCGTCCGAATT-1,0.5931322,Non-Persister
CTGATCCTCTGGAGCC-1,0.7964847,Persister
CTGCCTAAGGTTACCT-1,0.7830936,Non-Persister
CTGCCTACAGACGCTC-1,0.30367646,Non-Persister
CTGCCTACAGGACGTA-1,0.8349855,Persister
CTGCCTACATCACGTA-1,0.18882172,Non-Persister
CTGCCTATCGCCCTTA-1,0.23529401,Non-Persister
CTGCCTATCTGGGCCA-1,0.56830496,Non-Persister
CTGCGGAGTCAAAGAT-1,0.085769065,Non-Persister
CTGCGGAGTGTCCTCT-1,0.72640145,Non-Persister
CTGCTGTCAGCATACT-1,0.9545417,Persister
CTGCTGTTCTGTACGA-1,0.99952877,Persister
CTGGTCTAGGGCATGT-1,0.08295024,Non-Persister
CTGGTCTCATTAGCCA-1,0.82425404,Persister
CTGGTCTGTATCAGTC-1,0.8236694,Persister
CTGTGCTCAAAGCGGT-1,0.4002093,Non-Persister
CTGTGCTGTCGATTGT-1,0.3418618,Non-Persister
CTGTGCTTCCTCAATT-1,0.703123,Non-Persister
CTGTTTACAGTCAGCC-1,0.35415304,Non-Persister
CTTAACTAGCATGGCA-1,0.09550038,Non-Persister
CTTAACTAGGCATGTG-1,0.8277422,Persister
CTTAACTAGTGAATTG-1,0.4473533,Non-Persister
CTTAACTCATCGGGTC-1,0.15190902,Non-Persister
CTTACCGAGGGAGTAA-1,0.7792115,Non-Persister
CTTACCGCAGTACACT-1,0.87692726,Persister
CTTACCGTCCCAAGTA-1,0.45340416,Non-Persister
CTTACCGTCCGGGTGT-1,0.401957,Non-Persister
CTTACCGTCCTCAACC-1,0.9740778,Persister
CTTAGGAAGTATCTCG-1,0.22786486,Non-Persister
CTTAGGACACCCAGTG-1,0.21106955,Non-Persister
CTTAGGACACTTGGAT-1,0.18359594,Non-Persister
CTTAGGAGTACGCACC-1,0.22242746,Non-Persister
CTTCTCTCAAACGTGG-1,0.9764821,Persister
CTTCTCTCACAACGCC-1,0.7749081,Non-Persister
CTTCTCTTCTACTTAC-1,0.094253704,Non-Persister
CTTGGCTTCAGTGCAT-1,0.8684326,Persister
CTTGGCTTCGGCGCTA-1,0.41737905,Non-Persister
CTTTGCGAGATAGGAG-1,0.97068113,Persister
CTTTGCGGTAACGCGA-1,0.6559874,Non-Persister
CTTTGCGTCAACGCTA-1,0.7362162,Non-Persister
GAAACTCCACTTCTGC-1,0.06851626,Non-Persister
GAAACTCCATCGGTTA-1,0.018128747,Non-Persister
GAAACTCGTAGTGAAT-1,0.76268405,Non-Persister
GAAATGAAGAATCTCC-1,0.4849323,Non-Persister
GAAATGACACGTGAGA-1,0.61519724,Non-Persister
GAAATGACACGTTGGC-1,0.9998609,Persister
GAACATCAGTAACCCT-1,0.14695853,Non-Persister
GAACCTAAGGCCCTTG-1,0.80460745,Persister
GAACCTACAATAAGCA-1,0.5034604,Non-Persister
GAACCTAGTACCAGTT-1,0.46308085,Non-Persister
GAACCTATCGTAGGTT-1,0.6365036,Non-Persister
GAACGGACAGTTAACC-1,0.70903975,Non-Persister
GAAGCAGAGTACTTGC-1,0.38332775,Non-Persister
GAAGCAGCATTATCTC-1,0.6914164,Non-Persister
GAAGCAGCATTCGACA-1,0.68578666,Non-Persister
GAAGCAGGTCCCTTGT-1,0.8240968,Persister
GAAGCAGGTGCGCTTG-1,0.9939804,Persister
GAAGCAGTCTATCCTA-1,0.6581044,Non-Persister
GAAGCAGTCTTGCAAG-1,0.06767771,Non-Persister
GAATAAGGTTCCCTTG-1,0.023283105,Non-Persister
GAATAAGTCTAGCACA-1,0.30248722,Non-Persister
GAATGAAAGATGTCGG-1,0.17607617,Non-Persister
GAATGAAAGTCTCCTC-1,0.7004987,Non-Persister
GAATGAACAGCCAATT-1,0.036096808,Non-Persister
GAATGAATCCTGTACC-1,0.17559233,Non-Persister
GACACGCAGACTGGGT-1,0.817147,Persister
GACACGCAGCGTGAAC-1,0.9052348,Persister
GACACGCGTCGACTAT-1,0.031824186,Non-Persister
GACACGCTCACTATTC-1,0.26438177,Non-Persister
GACAGAGTCGCCTGAG-1,0.5185604,Non-Persister
GACCAATCAAGAGGCT-1,0.5099509,Non-Persister
GACCAATTCTCAAGTG-1,0.45890453,Non-Persister
GACCTGGAGCGTAGTG-1,0.35333702,Non-Persister
GACCTGGTCAGTGTTG-1,0.9617324,Persister
GACCTGGTCGTACGGC-1,0.078862906,Non-Persister
GACGCGTGTTCAGTAC-1,0.85570186,Persister
GACGCGTTCCGAATGT-1,0.04788173,Non-Persister
GACGGCTAGTAACCCT-1,0.024199614,Non-Persister
GACGGCTGTGCTCTTC-1,0.89589345,Persister
GACGGCTTCAGGTTCA-1,0.0028488731,Non-Persister
GACGGCTTCTTCATGT-1,0.7668396,Non-Persister
GACGTGCAGAGCTGGT-1,0.82597744,Persister
GACGTGCAGTATCGAA-1,0.9515894,Persister
GACGTGCAGTCTCGGC-1,0.13392685,Non-Persister
GACGTGCCAAGCGAGT-1,0.031168599,Non-Persister
GACGTGCGTCTCCACT-1,0.052409682,Non-Persister
GACGTTAAGAGATGAG-1,0.6118888,Non-Persister
GACGTTAAGCACAGGT-1,0.4310045,Non-Persister
GACGTTATCACCACCT-1,0.16312096,Non-Persister
GACGTTATCTCGGACG-1,0.72359866,Non-Persister
GACTAACAGGCTAGCA-1,0.15600644,Non-Persister
GACTAACCATGTCTCC-1,0.19323185,Non-Persister
GACTAACTCACCGTAA-1,0.6850284,Non-Persister
GACTAACTCCGCGTTT-1,0.7127569,Non-Persister
GACTACAAGGGATGGG-1,0.393498,Non-Persister
GACTACAAGTATGACA-1,0.1971726,Non-Persister
GACTACATCTGTCTAT-1,0.21689786,Non-Persister
GACTGCGAGACCTTTG-1,0.64586425,Non-Persister
GACTGCGCAAGCTGGA-1,0.37114668,Non-Persister
GACTGCGCAGAAGCAC-1,0.7909116,Persister
GACTGCGGTTCAGTAC-1,0.11359245,Non-Persister
GACTGCGTCTCCGGTT-1,0.97269195,Persister
GAGCAGAGTCCAAGTT-1,0.11929789,Non-Persister
GAGCAGAGTTACGGAG-1,0.5670894,Non-Persister
GAGCAGATCCACGTGG-1,0.985827,Persister
GAGGTGAAGGACACCA-1,0.005103901,Non-Persister
GAGGTGAGTTACGGAG-1,0.81162155,Persister
GAGGTGAGTTCGTCTC-1,0.85382676,Persister
GAGGTGAGTTCTCATT-1,0.9999871,Persister
GAGGTGATCATAGCAC-1,0.15422742,Non-Persister
GAGTCCGAGCGATTCT-1,0.16340671,Non-Persister
GAGTCCGGTCGTCTTC-1,0.0385685,Non-Persister
GAGTCCGGTGCCTGCA-1,0.652602,Non-Persister
GAGTCCGGTGCTCTTC-1,0.37885875,Non-Persister
GAGTCCGGTGGTCTCG-1,0.2866992,Non-Persister
GAGTCCGTCACCAGGC-1,0.2418172,Non-Persister
GATCAGTCATCACCCT-1,0.07148822,Non-Persister
GATCAGTCATGCCTAA-1,0.1863867,Non-Persister
GATCAGTTCCATTCTA-1,0.7462655,Non-Persister
GATCGATAGAGCCCAA-1,0.33467275,Non-Persister
GATCGATCATCGGTTA-1,0.80127215,Persister
GATCGATGTAGATTAG-1,0.06515897,Non-Persister
GATCGATGTGCCTGCA-1,0.46086538,Non-Persister
GATCGCGCAAGCCATT-1,0.6464833,Non-Persister
GATCGCGGTAAATGTG-1,0.32792512,Non-Persister
GATCGCGGTTAGGGTG-1,0.8779303,Persister
GATCGCGGTTGGTGGA-1,0.39765298,Non-Persister
GATCGCGTCTTCATGT-1,0.06375537,Non-Persister
GATCGTAAGGACCACA-1,0.03164622,Non-Persister
GATCGTACACATCCAA-1,0.20124407,Non-Persister
GATCGTATCGTGACAT-1,0.50784814,Non-Persister
GATCTAGAGTGGAGTC-1,0.5458429,Non-Persister
GATCTAGCAACTGGCC-1,0.03305043,Non-Persister
GATCTAGGTCCAGTTA-1,0.1833535,Non-Persister
GATCTAGGTGGCGAAT-1,0.29064804,Non-Persister
GATGAAACATGACGGA-1,0.80132943,Persister
GATGAAACATTCTTAC-1,0.19946283,Non-Persister
GATGAAAGTTGGAGGT-1,0.47951525,Non-Persister
GATGAAATCACTGGGC-1,0.24874973,Non-Persister
GATGAAATCGAGAACG-1,0.12239725,Non-Persister
GATGAGGCATCGGACC-1,0.37646905,Non-Persister
GATGAGGCATTAGCCA-1,0.7864404,Non-Persister
GATGAGGTCGGCGCTA-1,0.46218425,Non-Persister
GATGCTAAGAATTGTG-1,0.13977489,Non-Persister
GATGCTAAGCGTGAGT-1,0.10661695,Non-Persister
GATGCTAAGCTGGAAC-1,0.97302645,Persister
GATGCTAGTCAATGTC-1,0.8114702,Persister
GATTCAGAGAACAACT-1,0.61725754,Non-Persister
GATTCAGAGCTAGCCC-1,0.20113523,Non-Persister
GATTCAGAGGGCTCTC-1,0.7161959,Non-Persister
GATTCAGCAAAGAATC-1,0.2697729,Non-Persister
GCAAACTAGATGGGTC-1,0.23113891,Non-Persister
GCAAACTAGCTCCCAG-1,0.76830626,Non-Persister
GCAAACTCAAGCTGTT-1,0.79330224,Persister
GCAAACTCAGTAACGG-1,0.78008556,Non-Persister
GCAAACTCATCAGTCA-1,0.5152112,Non-Persister
GCAAACTGTTACCGAT-1,0.66896486,Non-Persister
GCAAACTGTTCCACGG-1,0.17874646,Non-Persister
GCAATCAAGACTAGGC-1,0.24275762,Non-Persister
GCAATCAAGAGCTGCA-1,0.0686516,Non-Persister
GCAATCATCCTGCCAT-1,0.20487815,Non-Persister
GCACATACAAATACAG-1,0.17576826,Non-Persister
GCACATAGTACCATCA-1,0.9480189,Persister
GCACATATCACCAGGC-1,0.90391815,Persister
GCACTCTCAATAGAGT-1,0.84200585,Persister
GCACTCTCAGGGTATG-1,0.99378514,Persister
GCACTCTCATATGCTG-1,0.3635078,Non-Persister
GCACTCTCATTCCTGC-1,0.5311191,Non-Persister
GCACTCTGTAAATACG-1,0.58068824,Non-Persister
GCACTCTGTATCTGCA-1,0.53995657,Non-Persister
GCACTCTGTCTTGCGG-1,0.50531435,Non-Persister
GCACTCTGTGCTAGCC-1,0.11871897,Non-Persister
GCACTCTGTGTAAGTA-1,0.046572875,Non-Persister
GCACTCTTCCCTAACC-1,0.9915167,Persister
GCAGCCACAATCAGAA-1,0.3197022,Non-Persister
GCAGCCAGTGTTAAGA-1,0.6343731,Non-Persister
GCAGCCATCAAGATCC-1,0.44722354,Non-Persister
GCAGTTACAAAGCGGT-1,0.1255316,Non-Persister
GCAGTTACAAGACACG-1,0.83918095,Persister
GCAGTTATCCCGGATG-1,0.4435582,Non-Persister
GCATACAGTTATGCGT-1,0.8106818,Persister
GCATGATAGCGGATCA-1,0.2040847,Non-Persister
GCATGATAGGCCATAG-1,0.79221827,Persister
GCATGATCATCGATGT-1,0.43112957,Non-Persister
GCATGATGTCTCACCT-1,0.3564464,Non-Persister
GCATGATTCTTGCATT-1,0.7040649,Non-Persister
GCATGCGAGGCATGTG-1,0.8814791,Persister
GCATGCGAGGCCCTCA-1,0.20208463,Non-Persister
GCATGCGCAGCGATCC-1,0.060388207,Non-Persister
GCATGCGCATACGCTA-1,0.40592533,Non-Persister
GCATGCGGTCGAGTTT-1,0.20037504,Non-Persister
GCATGCGGTTATTCTC-1,0.2747091,Non-Persister
GCATGTAAGTAGTGCG-1,0.12717655,Non-Persister
GCATGTACACCGAATT-1,0.2712156,Non-Persister
GCATGTACAGACACTT-1,0.045924913,Non-Persister
GCATGTAGTCACACGC-1,0.43761235,Non-Persister
GCCAAATAGTGCAAGC-1,0.4010393,Non-Persister
GCCAAATAGTGGCACA-1,0.81037086,Persister
GCCAAATCAAACGCGA-1,0.9422492,Persister
GCCAAATCACTGAAGG-1,0.80474144,Persister
GCCAAATGTATAGGGC-1,0.4374766,Non-Persister
GCCTCTAAGAGGTTAT-1,0.027543927,Non-Persister
GCCTCTAAGCGATTCT-1,0.93767965,Persister
GCCTCTAAGGATGTAT-1,0.8690356,Persister
GCCTCTAAGTGACTCT-1,0.4719401,Non-Persister
GCCTCTATCACCAGGC-1,0.55271,Non-Persister
GCGACCAAGAAACGCC-1,0.7872378,Persister
GCGACCAAGAGTCTGG-1,0.005523733,Non-Persister
GCGACCAAGCATCATC-1,0.72746545,Non-Persister
GCGACCACATCCCATC-1,0.9013239,Persister
GCGAGAAAGTCCATAC-1,0.8546955,Persister
GCGAGAACACGAAACG-1,0.70939404,Non-Persister
GCGAGAAGTCCCGACA-1,0.8244739,Persister
GCGAGAAGTGTCGCTG-1,0.62439394,Non-Persister
GCGCAACAGGTGATTA-1,0.53630126,Non-Persister
GCGCAACCACGAGAGT-1,0.31085786,Non-Persister
GCGCAACTCACTTACT-1,0.41148522,Non-Persister
GCGCAACTCAGAGCTT-1,0.121911965,Non-Persister
GCGCAACTCTACTTAC-1,0.79923755,Persister
GCGCAGTCAGATAATG-1,0.77429986,Non-Persister
GCGCAGTGTACAAGTA-1,0.78404886,Non-Persister
GCGCAGTGTCATTAGC-1,0.7864114,Non-Persister
GCGCAGTGTCTAGTGT-1,0.10153186,Non-Persister
GCGCAGTTCTGAAAGA-1,0.99627125,Persister
GCGCCAACACGAAGCA-1,0.5605724,Non-Persister
GCGCCAACATGTCTCC-1,0.05206073,Non-Persister
GCGCCAAGTAGAAGGA-1,0.46151954,Non-Persister
GCGCCAATCACAACGT-1,0.99640465,Persister
GCGCCAATCCGCATCT-1,0.5865033,Non-Persister
GCGCGATAGTGGTCCC-1,0.08156954,Non-Persister
GCGCGATTCACCTCGT-1,0.27613443,Non-Persister
GCGGGTTCAATGTAAG-1,0.5962232,Non-Persister
GCGGGTTTCCGCATAA-1,0.1340066,Non-Persister
GCTCCTAAGTGGTCCC-1,0.0037313162,Non-Persister
GCTCCTACAGGTTTCA-1,0.5444784,Non-Persister
GCTCTGTAGAGCCCAA-1,0.8308374,Persister
GCTCTGTAGCCGCCTA-1,0.9688061,Persister
GCTCTGTCACGACGAA-1,0.20129533,Non-Persister
GCTCTGTGTCGCTTTC-1,0.9571442,Persister
GCTGCAGTCAACTCTT-1,0.82608956,Persister
GCTGCGAAGACTGTAA-1,0.37114668,Non-Persister
GCTGCGACAGGGTTAG-1,0.71404713,Non-Persister
GCTGCGATCGCGTAGC-1,0.037357815,Non-Persister
GCTGCGATCGTATCAG-1,0.083527595,Non-Persister
GCTGGGTAGATCGGGT-1,0.018456561,Non-Persister
GCTGGGTAGGTGCTAG-1,0.51887053,Non-Persister
GCTGGGTCAAGCGCTC-1,0.21363667,Non-Persister
GCTGGGTGTCACTGGC-1,0.43007317,Non-Persister
GCTGGGTTCCAGTATG-1,0.20157577,Non-Persister
GCTTCCAAGTTGTAGA-1,0.98357856,Persister
GCTTCCACAAAGGTGC-1,0.16521864,Non-Persister
GCTTCCACAACGATCT-1,0.7155971,Non-Persister
GCTTCCAGTCATCGGC-1,0.5730892,Non-Persister
GCTTGAAAGGTTACCT-1,0.77032274,Non-Persister
GCTTGAAAGTACCGGA-1,0.9731602,Persister
GCTTGAAAGTCTCCTC-1,0.7158474,Non-Persister
GCTTGAATCGATCCCT-1,0.07584209,Non-Persister
GCTTGAATCGTAGGTT-1,0.7402769,Non-Persister
GGAAAGCAGTGAACAT-1,0.08089871,Non-Persister
GGAAAGCGTCGGCACT-1,0.92142916,Persister
GGAACTTCACCGGAAA-1,0.08836009,Non-Persister
GGAATAAAGTCGAGTG-1,0.76053613,Non-Persister
GGAATAACACTTAACG-1,0.86560655,Persister
GGAATAACATCCCATC-1,0.6225763,Non-Persister
GGAATAATCGCGATCG-1,0.32169306,Non-Persister
GGACAAGAGAGCTTCT-1,0.025726212,Non-Persister
GGACAAGAGTGTGGCA-1,0.58048785,Non-Persister
GGACAAGGTAATCACC-1,0.8850987,Persister
GGACATTAGATCCGAG-1,0.20478064,Non-Persister
GGACATTGTATTACCG-1,0.782624,Non-Persister
GGACATTGTTCTGAAC-1,0.12070377,Non-Persister
GGACGTCAGCATCATC-1,0.63193095,Non-Persister
GGACGTCAGCTAACTC-1,0.8912515,Persister
GGACGTCGTACAGCAG-1,0.82139957,Persister
GGAGCAAAGTACGACG-1,0.028622068,Non-Persister
GGAGCAACACATCCAA-1,0.5800902,Non-Persister
GGATGTTAGCGCTTAT-1,0.054827336,Non-Persister
GGATGTTAGGTTCCTA-1,0.8299481,Persister
GGATGTTTCCCTCAGT-1,0.6479812,Non-Persister
GGATGTTTCGGTGTTA-1,0.506054,Non-Persister
GGATGTTTCTTGCATT-1,0.39832774,Non-Persister
GGATTACAGACTAGAT-1,0.3145887,Non-Persister
GGATTACTCCAATGGT-1,0.1656677,Non-Persister
GGCAATTTCTTATCTG-1,0.5874272,Non-Persister
GGCAATTTCTTGACGA-1,0.19939946,Non-Persister
GGCCGATCATTCTCAT-1,0.7546261,Non-Persister
GGCCGATGTGCGAAAC-1,0.7194587,Non-Persister
GGCCGATTCAAAGACA-1,0.99793375,Persister
GGCGACTAGATCCGAG-1,0.7678915,Non-Persister
GGCGACTCAATAGAGT-1,0.5173032,Non-Persister
GGCGACTGTTAAGTAG-1,0.31307763,Non-Persister
GGCGACTTCAGTTGAC-1,0.5588973,Non-Persister
GGCGACTTCGCGCCAA-1,0.64338773,Non-Persister
GGCGTGTGTAAGTGTA-1,0.9260784,Persister
GGCTCGAGTGAGGGAG-1,0.4844182,Non-Persister
GGCTGGTAGTTTGCGT-1,0.45677415,Non-Persister
GGCTGGTCAAAGAATC-1,0.6700072,Non-Persister
GGCTGGTCATGCTGGC-1,0.9864634,Persister
GGCTGGTGTCTAAACC-1,0.9345714,Persister
GGGAATGAGCCACGTC-1,0.8769835,Persister
GGGAATGCACTTACGA-1,0.37114668,Non-Persister
GGGAATGCATGTTGAC-1,0.013562844,Non-Persister
GGGAATGGTACTTCTT-1,0.5596047,Non-Persister
GGGAATGGTGGCCCTA-1,0.6720251,Non-Persister
GGGACCTGTCTCAACA-1,0.030369641,Non-Persister
GGGACCTTCATTTGGG-1,0.8210181,Persister
GGGACCTTCGTTACAG-1,0.051955666,Non-Persister
GGGAGATAGATCTGCT-1,0.14379731,Non-Persister
GGGATGAAGAAACCAT-1,0.2915002,Non-Persister
GGGCACTAGCCTATGT-1,0.93415475,Persister
GGGCACTCATATGAGA-1,0.018843526,Non-Persister
GGGCATCAGTGTTTGC-1,0.79826254,Persister
GGGCATCCAGTCGTGC-1,0.57200336,Non-Persister
GGGCATCTCATGCATG-1,0.87829155,Persister
GGGCATCTCTATCCCG-1,0.19058064,Non-Persister
GGGTCTGAGGAGTACC-1,0.8668086,Persister
GGGTCTGCACGCTTTC-1,0.08781878,Non-Persister
GGGTCTGCAGCTTCGG-1,0.9062148,Persister
GGGTCTGTCGGCATCG-1,0.622013,Non-Persister
GGGTTGCAGGACGAAA-1,0.0759728,Non-Persister
GGGTTGCCAAACGCGA-1,0.18527484,Non-Persister
GGGTTGCCATCCAACA-1,0.37778878,Non-Persister
GGTATTGAGAATCTCC-1,0.88404655,Persister
GGTATTGAGACATAAC-1,0.5766941,Non-Persister
GGTGAAGAGAGGTTAT-1,0.112559035,Non-Persister
GGTGAAGCATCACGTA-1,0.98007137,Persister
GGTGAAGGTATAGTAG-1,0.7431498,Non-Persister
GGTGCGTAGGCACATG-1,0.99971324,Persister
GGTGCGTCATGTCCTC-1,0.52907103,Non-Persister
GGTGCGTTCCGGGTGT-1,0.23647147,Non-Persister
GGTGCGTTCGTTTAGG-1,0.11705054,Non-Persister
GGTGCGTTCTCCGGTT-1,0.59972614,Non-Persister
GGTGTTAAGCGTGAGT-1,0.7851018,Non-Persister
GGTGTTACAGCTCGCA-1,0.0017659006,Non-Persister
GGTGTTAGTATTACCG-1,0.52911794,Non-Persister
GGTGTTATCGTGGACC-1,0.34795883,Non-Persister
GTAACGTCAATCTACG-1,0.05931543,Non-Persister
GTAACGTCATGGAATA-1,0.37114668,Non-Persister
GTAACGTGTGTTGAGG-1,0.6515954,Non-Persister
GTAACTGAGACAAAGG-1,0.1941357,Non-Persister
GTAACTGAGAGTGAGA-1,0.087010704,Non-Persister
GTAACTGCAGGATCGA-1,0.6686646,Non-Persister
GTAACTGGTTCGTTGA-1,0.47650406,Non-Persister
GTACGTACATCTGGTA-1,0.22161582,Non-Persister
GTACGTAGTCACTTCC-1,0.113199525,Non-Persister
GTACTCCCACCAGATT-1,0.45950654,Non-Persister
GTACTCCGTGCAGGTA-1,0.23331241,Non-Persister
GTACTTTCATTCCTCG-1,0.031750787,Non-Persister
GTAGGCCCAAGGTTTC-1,0.23492359,Non-Persister
GTAGGCCTCCAGAGGA-1,0.34365064,Non-Persister
GTAGTCAGTAGATTAG-1,0.73883706,Non-Persister
GTAGTCAGTAGGGTAC-1,0.93748957,Persister
GTAGTCAGTCATGCCG-1,0.82425404,Persister
GTATCTTAGCACGCCT-1,0.085964374,Non-Persister
GTATCTTAGCTGGAAC-1,0.596739,Non-Persister
GTATTCTAGCCCAACC-1,0.23370974,Non-Persister
GTATTCTAGTACGACG-1,0.792645,Persister
GTATTCTCACCAACCG-1,0.9857943,Persister
GTCAAGTAGATCACGG-1,0.40733728,Non-Persister
GTCAAGTAGGCCCTTG-1,0.8404505,Persister
GTCAAGTAGGTGATAT-1,0.58803725,Non-Persister
GTCACAACACGAAAGC-1,0.20895648,Non-Persister
GTCACAAGTACTTAGC-1,0.048351567,Non-Persister
GTCACGGAGATGAGAG-1,0.5125863,Non-Persister
GTCACGGGTAACGTTC-1,0.68641955,Non-Persister
GTCATTTAGGAGCGTT-1,0.92068946,Persister
GTCATTTAGGGCTTCC-1,0.87471503,Persister
GTCATTTAGTAGGCCA-1,0.36724052,Non-Persister
GTCATTTCAATTCCTT-1,0.054933567,Non-Persister
GTCATTTTCAACACCA-1,0.7008763,Non-Persister
GTCCTCAGTCGGCATC-1,0.72845227,Non-Persister
GTCCTCAGTTACCAGT-1,0.6421617,Non-Persister
GTCCTCAGTTATCACG-1,0.6657254,Non-Persister
GTCTCGTTCCCTAACC-1,0.311531,Non-Persister
GTCTTCGAGGGAACGG-1,0.7237868,Non-Persister
GTCTTCGGTCAAACTC-1,0.21437547,Non-Persister
GTGAAGGAGAGCTGGT-1,0.77719444,Non-Persister
GTGAAGGAGCGGCTTC-1,0.9500258,Persister
GTGAAGGAGTTTGCGT-1,0.18781066,Non-Persister
GTGAAGGGTTCAGCGC-1,0.7192928,Non-Persister
GTGAAGGGTTCTGAAC-1,0.5478743,Non-Persister
GTGCAGCCATGTCGAT-1,0.11894483,Non-Persister
GTGCAGCTCATTCACT-1,0.5008446,Non-Persister
GTGCAGCTCCACGTTC-1,0.59877324,Non-Persister
GTGCATAAGGATGTAT-1,0.41315156,Non-Persister
GTGCATACAGCCTGTG-1,0.32082722,Non-Persister
GTGCATACATCACGTA-1,0.42928216,Non-Persister
GTGCGGTAGGCCCTTG-1,0.95964485,Persister
GTGCTTCGTAGCCTCG-1,0.8152831,Persister
GTGCTTCGTTAAAGTG-1,0.2697729,Non-Persister
GTGGGTCAGAAGGCCT-1,0.5217934,Non-Persister
GTGGGTCCAAAGCGGT-1,0.035944562,Non-Persister
GTGGGTCCAATCTGCA-1,0.8634372,Persister
GTGGGTCCAGCTGCTG-1,0.03618683,Non-Persister
GTGGGTCCAGTAGAGC-1,0.44223562,Non-Persister
GTGGGTCCATACGCTA-1,0.9898141,Persister
GTGGGTCGTACCATCA-1,0.87553287,Persister
GTGGGTCTCAGCCTAA-1,0.14598349,Non-Persister
GTGTGCGAGTGACATA-1,0.57901233,Non-Persister
GTGTGCGTCCAAAGTC-1,0.2837324,Non-Persister
GTTAAGCCAAGGACTG-1,0.66200066,Non-Persister
GTTAAGCCAGGGTATG-1,0.5919922,Non-Persister
GTTAAGCCATCTATGG-1,0.003887295,Non-Persister
GTTACAGCACTTAACG-1,0.14685576,Non-Persister
GTTACAGGTGGCCCTA-1,0.7420508,Non-Persister
GTTCATTGTAAAGGAG-1,0.11116251,Non-Persister
GTTCATTGTGGCGAAT-1,0.7213021,Non-Persister
GTTCATTGTTCGTTGA-1,0.51629406,Non-Persister
GTTCATTTCTAACCGA-1,0.09344639,Non-Persister
GTTCGGGGTAAGTAGT-1,0.69832563,Non-Persister
GTTCGGGGTTACCAGT-1,0.002623409,Non-Persister
GTTCGGGTCACAGTAC-1,0.11497123,Non-Persister
GTTCGGGTCATGTCTT-1,0.26870954,Non-Persister
GTTCTCGGTTTGACTG-1,0.6313162,Non-Persister
GTTTCTAAGACCCACC-1,0.5113663,Non-Persister
GTTTCTACAGTCAGAG-1,0.7164422,Non-Persister
GTTTCTAGTTACGACT-1,0.18390334,Non-Persister
GTTTCTATCCAGAAGG-1,0.8069801,Persister
TAAACCGAGCATGGCA-1,0.8666576,Persister
TAAACCGCATCACAAC-1,0.90377235,Persister
TAAACCGGTAGCGATG-1,0.19749644,Non-Persister
TAAACCGGTAGGGACT-1,0.5713281,Non-Persister
TAAACCGGTCTAAACC-1,0.5021554,Non-Persister
TAAGAGAAGGATTCGG-1,0.9654119,Persister
TAAGAGACAGCGTCCA-1,0.25053048,Non-Persister
TAAGAGAGTAAGAGGA-1,0.48677883,Non-Persister
TAAGAGATCTAAGCCA-1,0.84189016,Persister
TAAGCGTAGAGCCTAG-1,0.35282987,Non-Persister
TAAGCGTAGGCAATTA-1,0.14371431,Non-Persister
TAAGCGTTCATCGATG-1,0.40013477,Non-Persister
TAAGTGCCACTAGTAC-1,0.77563757,Non-Persister
TAAGTGCCAGAAGCAC-1,0.43945545,Non-Persister
TAAGTGCCAGGCAGTA-1,0.18832667,Non-Persister
TAAGTGCTCTCCAGGG-1,0.90081316,Persister
TACACGACATCCTAGA-1,0.4252532,Non-Persister
TACACGAGTAGGCATG-1,0.08758538,Non-Persister
TACACGAGTTGGTAAA-1,0.0708277,Non-Persister
TACACGATCGGTGTCG-1,0.121454164,Non-Persister
TACAGTGCACGAAAGC-1,0.4994382,Non-Persister
TACAGTGGTAGCCTAT-1,0.024468925,Non-Persister
TACAGTGTCTTGACGA-1,0.71035755,Non-Persister
TACCTATAGATGTTAG-1,0.019205378,Non-Persister
TACCTATGTCGATTGT-1,0.3169672,Non-Persister
TACCTTAAGCGTTCCG-1,0.5381449,Non-Persister
TACCTTACAAGGGTCA-1,0.85985553,Persister
TACCTTACACTCGACG-1,0.5861653,Non-Persister
TACCTTAGTACATCCA-1,0.061804477,Non-Persister
TACCTTATCCCAAGTA-1,0.7998621,Persister
TACGGATAGAAACGCC-1,0.8936952,Persister
TACGGATAGATGTTAG-1,0.847548,Persister
TACGGATAGGCTAGGT-1,0.29533327,Non-Persister
TACGGATCAACTGCTA-1,0.55340016,Non-Persister
TACGGATCAGCTATTG-1,0.011206247,Non-Persister
TACGGATTCCTCAACC-1,0.25893334,Non-Persister
TACGGGCAGACTAGGC-1,0.601979,Non-Persister
TACGGGCGTGCACTTA-1,0.29672202,Non-Persister
TACGGGCTCATGTCCC-1,0.62438077,Non-Persister
TACGGTAAGCCAGTTT-1,0.8951039,Persister
TACGGTAAGCCGCCTA-1,0.37198532,Non-Persister
TACGGTACACTCAGGC-1,0.24632171,Non-Persister
TACGGTACATTGGGCC-1,0.4990805,Non-Persister
TACGGTAGTTGTCTTT-1,0.62764156,Non-Persister
TACTCATCAGGTGCCT-1,0.9508537,Persister
TACTCATGTCATCCCT-1,0.72582716,Non-Persister
TACTCATTCTGTCTAT-1,0.6387143,Non-Persister
TACTCGCAGAGAACAG-1,0.39699975,Non-Persister
TACTCGCAGTGCAAGC-1,0.11195703,Non-Persister
TACTCGCCAGAAGCAC-1,0.9706224,Persister
TACTCGCCATGGTAGG-1,0.99746764,Persister
TACTCGCCATTACGAC-1,0.0789893,Non-Persister
TACTTACAGGAGCGAG-1,0.023099797,Non-Persister
TACTTACGTTCCACAA-1,0.25911558,Non-Persister
TACTTACTCAAGGCTT-1,0.35414582,Non-Persister
TACTTACTCACTCCTG-1,0.30179468,Non-Persister
TACTTGTCAATGAATG-1,0.0071776155,Non-Persister
TACTTGTGTAAGGGAA-1,0.54825646,Non-Persister
TACTTGTGTACGACCC-1,0.34135062,Non-Persister
TACTTGTTCTTGAGAC-1,0.31041807,Non-Persister
TAGACCAAGGGCTTCC-1,0.64471775,Non-Persister
TAGACCACAGATTGCT-1,0.3968374,Non-Persister
TAGACCAGTTTGGGCC-1,0.77563757,Non-Persister
TAGACCATCTCGTATT-1,0.055903945,Non-Persister
TAGAGCTAGAGCTGCA-1,0.47449487,Non-Persister
TAGAGCTAGTAGCGGT-1,0.8522266,Persister
TAGAGCTTCAATACCG-1,0.14708056,Non-Persister
TAGCCGGAGTACGATA-1,0.04548488,Non-Persister
TAGCCGGCAGGTCGTC-1,0.75109214,Non-Persister
TAGCCGGTCCCTAACC-1,0.3726874,Non-Persister
TAGGCATCAATTGCTG-1,0.7688191,Non-Persister
TAGGCATCACCTATCC-1,0.5082186,Non-Persister
TAGGCATCATCTCCCA-1,0.07636343,Non-Persister
TAGGCATGTATAGGTA-1,0.14097965,Non-Persister
TAGGCATGTGTGAAAT-1,0.025637083,Non-Persister
TAGTGGTAGCATGGCA-1,0.14678614,Non-Persister
TAGTGGTCATTACCTT-1,0.50085557,Non-Persister
TAGTGGTGTAATTGGA-1,0.46073374,Non-Persister
TAGTGGTGTATATCCG-1,0.6269873,Non-Persister
TAGTTGGCAGGCTGAA-1,0.095113285,Non-Persister
TAGTTGGCATGCGCAC-1,0.86190355,Persister
TAGTTGGCATTACCTT-1,0.21865271,Non-Persister
TATCAGGCATTGGTAC-1,0.6258188,Non-Persister
TATGCCCAGAAGATTC-1,0.36303595,Non-Persister
TATGCCCAGAGCTGCA-1,0.6664808,Non-Persister
TATGCCCAGTCAATAG-1,0.78033316,Non-Persister
TATGCCCCAGGTGGAT-1,0.8489348,Persister
TATGCCCCATGTCTCC-1,0.09052667,Non-Persister
TATGCCCGTCATCGGC-1,0.27053618,Non-Persister
TATGCCCTCAATACCG-1,0.37114668,Non-Persister
TATGCCCTCTTAGCCC-1,0.84575355,Persister
TATTACCCACATCCGG-1,0.540545,Non-Persister
TATTACCGTGGTTTCA-1,0.90164757,Persister
TATTACCTCACGATGT-1,0.27987224,Non-Persister
TATTACCTCACGGTTA-1,0.9974809,Persister
TCAACGACATCTGGTA-1,0.73171806,Non-Persister
TCAACGAGTCTAGGTT-1,0.6534964,Non-Persister
TCAATCTAGACAGACC-1,0.29199326,Non-Persister
TCAATCTGTTCATGGT-1,0.37091494,Non-Persister
TCACAAGGTCAGCTAT-1,0.39968,Non-Persister
TCACAAGGTCTAAAGA-1,0.88160926,Persister
TCACGAAAGGACCACA-1,0.55452245,Non-Persister
TCACGAACAGATGGGT-1,0.4302086,Non-Persister
TCACGAACATGCATGT-1,0.5413865,Non-Persister
TCACGAAGTAGCGCAA-1,0.5579479,Non-Persister
TCACGAATCTATCCTA-1,0.040286243,Non-Persister
TCAGCAAAGTCTTGCA-1,0.31401855,Non-Persister
TCAGCAACATCTATGG-1,0.08484999,Non-Persister
TCAGCAAGTAACGACG-1,0.22899857,Non-Persister
TCAGGATAGTTCGATC-1,0.008415636,Non-Persister
TCAGGATCAACACCCG-1,0.48413572,Non-Persister
TCAGGATCACTTAACG-1,0.09920979,Non-Persister
TCAGGATCAGTATGCT-1,0.37114668,Non-Persister
TCAGGATGTACCCAAT-1,0.9385935,Persister
TCAGGATGTTCCACAA-1,0.3220055,Non-Persister
TCAGGATTCGGTTCGG-1,0.03515983,Non-Persister
TCAGGATTCTACCTGC-1,0.8858517,Persister
TCAGGATTCTATGTGG-1,0.808397,Persister
TCAGGTAAGGCTAGGT-1,0.37343112,Non-Persister
TCAGGTAAGTGCTGCC-1,0.7441006,Non-Persister
TCAGGTATCACAGTAC-1,0.3019413,Non-Persister
TCAGGTATCACATAGC-1,0.37067068,Non-Persister
TCAGGTATCTGCTGCT-1,0.45089182,Non-Persister
TCATTACAGCTAACTC-1,0.71927494,Non-Persister
TCATTACCAAGCTGGA-1,0.93978983,Persister
TCATTACCACATGACT-1,0.15937606,Non-Persister
TCATTACTCTACTTAC-1,0.43683594,Non-Persister
TCATTTGAGGCTAGCA-1,0.4085222,Non-Persister
TCATTTGCAAGGTTCT-1,0.17715076,Non-Persister
TCATTTGTCAGCAACT-1,0.9958813,Persister
TCATTTGTCGTCCAGG-1,0.6336017,Non-Persister
TCATTTGTCTTAGAGC-1,0.6184733,Non-Persister
TCCACACAGCGAAGGG-1,0.99760854,Persister
TCCACACAGTAGTGCG-1,0.998898,Persister
TCCACACAGTCATCCA-1,0.23686743,Non-Persister
TCCACACCAACACCTA-1,0.7480972,Non-Persister
TCCACACGTGCGATAG-1,0.49180287,Non-Persister
TCCACACTCCGCATCT-1,0.46227506,Non-Persister
TCCACACTCTTTACGT-1,0.085014395,Non-Persister
TCCCGATAGACTACAA-1,0.24770239,Non-Persister
TCCCGATCAGACAAGC-1,0.41369712,Non-Persister
TCCCGATGTGTTCGAT-1,0.52180934,Non-Persister
TCCCGATTCATGTGGT-1,0.6474186,Non-Persister
TCGAGGCGTTCAGTAC-1,0.7500187,Non-Persister
TCGAGGCTCAAGATCC-1,0.06438875,Non-Persister
TCGCGAGAGTCCAGGA-1,0.17437913,Non-Persister
TCGCGAGGTGTTGGGA-1,0.83933073,Persister
TCGCGAGGTTCAGACT-1,0.77541745,Non-Persister
TCGCGAGTCCTCGCAT-1,0.30058664,Non-Persister
TCGCGTTCAACTGCGC-1,0.46923122,Non-Persister
TCGCGTTGTAGCAAAT-1,0.5873896,Non-Persister
TCGCGTTGTATAAACG-1,0.052085865,Non-Persister
TCGCGTTTCAAGCCTA-1,0.35933262,Non-Persister
TCGGGACAGAGTACAT-1,0.5446778,Non-Persister
TCGGGACAGCTAGTCT-1,0.594996,Non-Persister
TCGGGACCACAACGCC-1,0.12196531,Non-Persister
TCGGGACCATAGGATA-1,0.8179407,Persister
TCGGGACCATTACGAC-1,0.44078377,Non-Persister
TCGGGACGTCCGACGT-1,0.49105015,Non-Persister
TCGGGACGTTCCGTCT-1,0.5798666,Non-Persister
TCGGGACTCGCTTAGA-1,0.70958686,Non-Persister
TCGGTAAAGCAGATCG-1,0.56762,Non-Persister
TCGGTAACATGCCACG-1,0.30782112,Non-Persister
TCGGTAATCTAACGGT-1,0.49405935,Non-Persister
TCGGTAATCTAGCACA-1,0.1461303,Non-Persister
TCGGTAATCTCAAGTG-1,0.63965714,Non-Persister
TCGTACCCAAAGTGCG-1,0.7959405,Persister
TCGTACCGTTTCGCTC-1,0.8478846,Persister
TCGTACCTCGGCATCG-1,0.7056322,Non-Persister
TCGTAGAAGACCTTTG-1,0.4855149,Non-Persister
TCGTAGAAGAGGGATA-1,0.83461404,Persister
TCGTAGAAGCATCATC-1,0.40513435,Non-Persister
TCGTAGAAGGGTCTCC-1,0.19721296,Non-Persister
TCTATTGGTACTTCTT-1,0.9909537,Persister
TCTATTGGTGCAGACA-1,0.77194536,Non-Persister
TCTATTGGTTCTGAAC-1,0.06734714,Non-Persister
TCTCATACATGAAGTA-1,0.19058661,Non-Persister
TCTCATATCCTTAATC-1,0.37983462,Non-Persister
TCTCTAACACAGACAG-1,0.7517306,Non-Persister
TCTCTAAGTACAGTTC-1,0.11959424,Non-Persister
TCTCTAATCGCATGAT-1,0.6301839,Non-Persister
TCTGAGAAGAGTTGGC-1,0.3874363,Non-Persister
TCTGAGACATACCATG-1,0.62295026,Non-Persister
TCTGAGAGTGTATGGG-1,0.3482331,Non-Persister
TCTGAGAGTTGACGTT-1,0.42435634,Non-Persister
TCTGGAAAGACTAGAT-1,0.2354065,Non-Persister
TCTGGAACACACGCTG-1,0.7208798,Non-Persister
TCTGGAATCTCCAGGG-1,0.334773,Non-Persister
TCTTCGGCAAACAACA-1,0.04465989,Non-Persister
TCTTCGGCACGGTAGA-1,0.77563757,Non-Persister
TCTTCGGCACTTACGA-1,0.5385099,Non-Persister
TCTTCGGGTACAGTTC-1,0.104977265,Non-Persister
TCTTCGGTCACGCATA-1,0.725181,Non-Persister
TCTTTCCAGAAAGTGG-1,0.104788646,Non-Persister
TCTTTCCAGCTAACTC-1,0.4432102,Non-Persister
TCTTTCCTCTAGAGTC-1,0.5147763,Non-Persister
TGAAAGACAACGATCT-1,0.45507014,Non-Persister
TGAAAGACAGCTGTGC-1,0.07742722,Non-Persister
TGAAAGATCGCTGATA-1,0.08649097,Non-Persister
TGACAACAGTGGGATC-1,0.84443855,Persister
TGACAACGTTTGTGTG-1,0.48990855,Non-Persister
TGACAACTCAACGAAA-1,0.027121887,Non-Persister
TGACGGCAGTGGGATC-1,0.19485018,Non-Persister
TGACGGCTCCCTGACT-1,0.07972346,Non-Persister
TGACGGCTCCGAGCCA-1,0.27976805,Non-Persister
TGACTAGAGCCCGAAA-1,0.62431526,Non-Persister
TGACTAGCATCAGTAC-1,0.13333558,Non-Persister
TGACTAGTCCGTCAAA-1,0.657541,Non-Persister
TGACTAGTCGGAAACG-1,0.78193873,Non-Persister
TGACTTTAGCACCGCT-1,0.042846978,Non-Persister
TGACTTTAGGCAGGTT-1,0.059549194,Non-Persister
TGACTTTAGTCGTTTG-1,0.35248905,Non-Persister
TGACTTTGTGTGAATA-1,0.5428211,Non-Persister
TGACTTTTCACCCTCA-1,0.84635776,Persister
TGAGAGGAGTGCCATT-1,0.0035861793,Non-Persister
TGAGAGGCAGACGCCT-1,0.20804588,Non-Persister
TGAGCATCAAAGTCAA-1,0.028474374,Non-Persister
TGAGCCGAGAGTGACC-1,0.37422606,Non-Persister
TGAGCCGAGATGCGAC-1,0.28393063,Non-Persister
TGAGCCGAGCAGGCTA-1,0.19660665,Non-Persister
TGAGCCGAGCCGCCTA-1,0.66429454,Non-Persister
TGAGCCGGTGTTAAGA-1,0.014185036,Non-Persister
TGAGCCGGTTGCGCAC-1,0.46060255,Non-Persister
TGAGCCGTCAGCACAT-1,0.025589095,Non-Persister
TGAGGGACACTTAAGC-1,0.68521154,Non-Persister
TGAGGGACATTGGCGC-1,0.37114668,Non-Persister
TGATTTCCATTGGCGC-1,0.06624357,Non-Persister
TGATTTCGTAACGCGA-1,0.46842963,Non-Persister
TGATTTCGTAGCGCTC-1,0.74899507,Non-Persister
TGCACCTCACAAGACG-1,0.50509524,Non-Persister
TGCACCTGTAGGGACT-1,0.91311276,Persister
TGCACCTTCCATGCTC-1,0.08985466,Non-Persister
TGCACCTTCGTTTAGG-1,0.8636827,Persister
TGCCAAACACAAGACG-1,0.51104194,Non-Persister
TGCCAAACATCGACGC-1,0.51568335,Non-Persister
TGCCAAATCCAGGGCT-1,0.1288747,Non-Persister
TGCCCATAGGTAAACT-1,0.33549199,Non-Persister
TGCCCATCATCTACGA-1,0.6022077,Non-Persister
TGCCCATGTTACGCGC-1,0.072521545,Non-Persister
TGCCCATTCCTCGCAT-1,0.58119726,Non-Persister
TGCCCATTCGAGGTAG-1,0.45076028,Non-Persister
TGCCCTAAGTGTTAGA-1,0.13541864,Non-Persister
TGCCCTACACGCTTTC-1,0.8052407,Persister
TGCCCTACAGGCTCAC-1,0.5159003,Non-Persister
TGCGCAGAGCGTTGCC-1,0.85224116,Persister
TGCGCAGGTCAGAAGC-1,0.17229119,Non-Persister
TGCGCAGGTGGTCTCG-1,0.7941686,Persister
TGCGCAGTCGAACGGA-1,0.3441693,Non-Persister
TGCGGGTCATGACATC-1,0.46349752,Non-Persister
TGCGGGTTCCTATTCA-1,0.6159283,Non-Persister
TGCGTGGGTCCAACTA-1,0.6683791,Non-Persister
TGCGTGGGTCCGACGT-1,0.63799655,Non-Persister
TGCTACCGTCTAACGT-1,0.023390947,Non-Persister
TGCTGCTGTATGAATG-1,0.051174298,Non-Persister
TGGACGCGTCGCTTCT-1,0.47773293,Non-Persister
TGGACGCGTTCCACGG-1,0.52749103,Non-Persister
TGGACGCTCTCCCTGA-1,0.13257378,Non-Persister
TGGCCAGGTCAAGCGA-1,0.82561177,Persister
TGGCGCAAGAAACGCC-1,0.4748393,Non-Persister
TGGCGCAGTTGATTGC-1,0.28917137,Non-Persister
TGGCGCATCCGCGTTT-1,0.0016103444,Non-Persister
TGGCTGGGTACGCACC-1,0.97692627,Persister
TGGGAAGGTCTGATTG-1,0.58306754,Non-Persister
TGGGAAGTCTTTCCTC-1,0.9392357,Persister
TGGGCGTAGATCTGAA-1,0.486173,Non-Persister
TGGGCGTCAATAACGA-1,0.82074517,Persister
TGGGCGTCATCCCATC-1,0.37114668,Non-Persister
TGGGCGTGTCCCGACA-1,0.6886234,Non-Persister
TGGGCGTGTTATGCGT-1,0.5386284,Non-Persister
TGGGCGTTCGGTTAAC-1,0.83381057,Persister
TGGTTAGCAAGCCGTC-1,0.8798972,Persister
TGGTTAGGTCAACATC-1,0.7055625,Non-Persister
TGGTTAGTCAGCTCTC-1,0.8200384,Persister
TGGTTCCAGTCCCACG-1,0.7160703,Non-Persister
TGGTTCCGTCAATACC-1,0.8188384,Persister
TGGTTCCGTCCCTACT-1,0.8612418,Persister
TGGTTCCGTCTAACGT-1,0.40217122,Non-Persister
TGTATTCCACGAGGTA-1,0.63833326,Non-Persister
TGTCCCAAGCCAACAG-1,0.19849095,Non-Persister
TGTCCCAAGCCAGTTT-1,0.10454241,Non-Persister
TGTGGTACAAGTTAAG-1,0.13570653,Non-Persister
TGTGGTATCACAAACC-1,0.7269618,Non-Persister
TGTGGTATCACCACCT-1,0.65180117,Non-Persister
TGTGGTATCTAAGCCA-1,0.837495,Persister
TGTGGTATCTGGTGTA-1,0.7193101,Non-Persister
TGTGTTTAGGGAAACA-1,0.83241767,Persister
TGTGTTTGTGAACCTT-1,0.22211097,Non-Persister
TGTGTTTTCCTGTACC-1,0.90689546,Persister
TGTTCCGAGCTAGTGG-1,0.7481079,Non-Persister
TGTTCCGTCAAACAAG-1,0.9115097,Persister
TGTTCCGTCGGCATCG-1,0.79684347,Persister
TTAACTCAGAAACCTA-1,0.13227631,Non-Persister
TTAACTCAGAAGGTGA-1,0.5397967,Non-Persister
TTAACTCCAAGCGCTC-1,0.36699015,Non-Persister
TTAACTCCACGACGAA-1,0.35671794,Non-Persister
TTAACTCGTTTCCACC-1,0.63474745,Non-Persister
TTAACTCTCAAAGACA-1,0.9995432,Persister
TTAGGACGTACCTACA-1,0.99598783,Persister
TTAGGACGTTACCAGT-1,0.12011433,Non-Persister
TTAGGACTCGGCGGTT-1,0.28519008,Non-Persister
TTAGGACTCTGCAGTA-1,0.36386693,Non-Persister
TTAGGCAAGTCCATAC-1,0.9336555,Persister
TTAGGCACACGTCAGC-1,0.9969127,Persister
TTAGGCAGTTCCATGA-1,0.026470823,Non-Persister
TTAGGCATCAATCTCT-1,0.04436719,Non-Persister
TTAGTTCCATCCTTGC-1,0.8641449,Persister
TTAGTTCGTATCAGTC-1,0.22645023,Non-Persister
TTAGTTCTCAGTTCGA-1,0.05476878,Non-Persister
TTAGTTCTCGCTTGTC-1,0.5705784,Non-Persister
TTAGTTCTCTAACTCT-1,0.03339849,Non-Persister
TTATGCTCAATTCCTT-1,0.043888155,Non-Persister
TTATGCTGTAGCTTGT-1,0.7896962,Persister
TTATGCTTCCCTAACC-1,0.9540789,Persister
TTATGCTTCCGCAAGC-1,0.74470556,Non-Persister
TTCCCAGAGAGGGCTT-1,0.10227867,Non-Persister
TTCCCAGGTAGGACAC-1,0.07182556,Non-Persister
TTCCCAGGTTACTGAC-1,0.4655243,Non-Persister
TTCCCAGTCTCAAACG-1,0.10127759,Non-Persister
TTCGAAGAGTCTCAAC-1,0.8523805,Persister
TTCGAAGCATGAACCT-1,0.9133192,Persister
TTCGAAGGTTCCATGA-1,0.8858688,Persister
TTCGAAGTCACCCGAG-1,0.77294856,Non-Persister
TTCGGTCAGGAGCGTT-1,0.02651002,Non-Persister
TTCGGTCCAGGCAGTA-1,0.8277107,Persister
TTCGGTCGTACGCACC-1,0.20063677,Non-Persister
TTCGGTCGTTCTCATT-1,0.08847122,Non-Persister
TTCGGTCTCAAGAAGT-1,0.1827684,Non-Persister
TTCTACATCGATGAGG-1,0.28540143,Non-Persister
TTCTACATCTGGAGCC-1,0.3451401,Non-Persister
TTCTCAAAGGACATTA-1,0.04489589,Non-Persister
TTCTCAACACTTAAGC-1,0.01085309,Non-Persister
TTCTCCTCAAGTCTGT-1,0.4222618,Non-Persister
TTCTCCTCAGCTCCGA-1,0.2522036,Non-Persister
TTCTCCTGTATAGGGC-1,0.2659804,Non-Persister
TTCTCCTTCCACGCAG-1,0.7524012,Non-Persister
TTCTTAGGTGGAAAGA-1,0.34465024,Non-Persister
TTCTTAGTCGCTTGTC-1,0.7057625,Non-Persister
TTCTTAGTCTGTTTGT-1,0.19721314,Non-Persister
TTGAACGAGACAATAC-1,0.10107922,Non-Persister
TTGAACGCAGTTTACG-1,0.3225659,Non-Persister
TTGAACGGTCGATTGT-1,0.62819916,Non-Persister
TTGAACGTCAACGGCC-1,0.45392585,Non-Persister
TTGACTTAGACCTAGG-1,0.9448614,Persister
TTGACTTAGTAAGTAC-1,0.42438534,Non-Persister
TTGACTTCAGCTGCTG-1,0.56776345,Non-Persister
TTGACTTGTCTCAACA-1,0.040770978,Non-Persister
TTGACTTGTTCTCATT-1,0.9655874,Persister
TTGACTTTCAATCACG-1,0.5062644,Non-Persister
TTGACTTTCACTTCAT-1,0.2875561,Non-Persister
TTGACTTTCTTCATGT-1,0.7762645,Non-Persister
TTGCCGTTCATGCATG-1,0.59666264,Non-Persister
TTGCGTCAGAGCCCAA-1,0.09932396,Non-Persister
TTGCGTCGTTCCCTTG-1,0.37065998,Non-Persister
TTGCGTCGTTGATTGC-1,0.15793754,Non-Persister
TTGGAACAGAGTGAGA-1,0.6684792,Non-Persister
TTGGAACTCTCTTGAT-1,0.9644005,Persister
TTGGCAACAATGGTCT-1,0.49086794,Non-Persister
TTGGCAATCCTTGGTC-1,0.97594,Persister
TTGTAGGAGCTACCTA-1,0.007051598,Non-Persister
TTGTAGGCATCCCATC-1,0.7249865,Non-Persister
TTGTAGGGTGACCAAG-1,0.90379804,Persister
TTGTAGGGTTCCACTC-1,0.47603637,Non-Persister
TTTACTGTCACTTCAT-1,0.85329825,Persister
TTTACTGTCCTTTACA-1,0.71164095,Non-Persister
TTTATGCGTAGCTGCC-1,0.07342504,Non-Persister
TTTATGCGTCAGAGGT-1,0.3804292,Non-Persister
TTTATGCGTGGCGAAT-1,0.53874445,Non-Persister
TTTATGCTCAGTCCCT-1,0.26302353,Non-Persister
TTTATGCTCTGCAAGT-1,0.04379591,Non-Persister
TTTCCTCAGACAATAC-1,0.67435545,Non-Persister
TTTCCTCCAATGTTGC-1,0.3321601,Non-Persister
TTTCCTCGTCACTGGC-1,0.21658474,Non-Persister
TTTCCTCGTGGTACAG-1,0.18445785,Non-Persister
TTTCCTCGTTCCACGG-1,0.5290313,Non-Persister
TTTCCTCTCCGCTGTT-1,0.77563757,Non-Persister
TTTGCGCCAATGCCAT-1,0.44310725,Non-Persister
TTTGCGCGTAAGTAGT-1,0.044314597,Non-Persister
TTTGCGCTCCATGAGT-1,0.9746187,Persister
TTTGGTTAGACTAGAT-1,0.692815,Non-Persister
TTTGGTTCACAGTCGC-1,0.34638026,Non-Persister
TTTGTCAGTCCATGAT-1,0.131456,Non-Persister
TTTGTCAGTGTCCTCT-1,0.06535978,Non-Persister
